Category,posts,total_score,total_comments,total_engagement
Artificial Intelligence and Technology,1990,88935378.0,5089949.0,94025327.0
Personal Finance,991,9258884.0,945120.0,10204004.0
Mental Health and Self Improvement,2922,162843302.0,2329760.0,165173062.0
Sports,985,43646143.0,1299958.0,44946101.0
Gaming,996,104477587.0,2226349.0,106703936.0
News and Politics,2971,227846851.0,13575778.0,241422629.0
Entertainment and Media,8937,588178582.0,17026060.0,605204642.0
Science and Education,6918,236370235.0,9446283.0,245816518.0
Lifestyle and Advice,5800,220899072.0,11798563.0,232697635.0
Culture Food and Travel,15769,714874863.0,17223857.0,732098720.0
