week,Artificial Intelligence and Technology,Personal Finance,Mental Health and Self Improvement,Sports,Gaming,News and Politics,Entertainment and Media,Science and Education,Lifestyle and Advice,Culture Food and Travel
2011-09-26,0.0,0.0,0.0,0.0,0.0,0.0,0.0,0.0,0.0,0.024672525195364024
2012-08-27,0.0,0.0,0.0,0.0,0.0,0.0,0.0,0.0,11.653023242660513,0.0
2012-11-12,0.0,0.0,0.0,0.0,0.0,0.0,0.0,0.0,0.0,0.023784040908550363
2013-04-15,0.0,0.0,0.0,0.0,0.0,0.0,0.0,0.0,0.0,0.054710128584179785
2013-04-22,0.0,0.0,0.0,0.0,0.0,0.0,0.0,0.0,0.0,0.025253457229049883
2013-10-28,0.0,0.0,0.0,0.0,0.0,0.0,0.0,0.0,0.0,0.0855678713146697
2013-12-09,0.0,0.0,0.0,0.0,0.0,0.0,0.0,0.0,0.0,0.05556444039842369
2013-12-16,0.0,0.0,0.0,0.0,0.0,0.0,0.0,0.0,0.0,0.026603269895555254
2014-02-03,0.0,0.0,0.0,0.0,0.0,0.0,0.0,0.0,0.0,0.048934980719890976
2014-02-17,0.0,0.0,0.0,0.0,0.0,0.0,0.0,0.0,0.0,0.055256888145295883
2014-03-17,0.0,0.0,0.0,0.0,0.0,0.0,0.0,0.0,0.0,0.050524000694384646
2014-04-14,0.0,0.0,0.0,0.0,0.0,0.0,0.0,0.0,0.0,0.05664087328437101
2014-05-26,0.0,0.0,0.0,0.0,0.0,0.0,0.0,0.0,0.0,0.05737558144462077
2014-06-09,0.0,0.0,0.0,0.0,0.0,0.0,0.0,0.0,0.0,0.07507692223575452
2014-06-16,0.0,0.0,0.0,0.0,0.0,0.0,0.0,0.0,0.0,0.17687671802105845
2014-06-30,0.0,0.0,0.0,0.0,0.0,0.0,0.0,0.0,2.8033177192557317,0.02757718536379331
2014-07-07,0.0,0.0,0.0,0.0,0.0,0.0,0.4418009088380408,0.0,4.815090932051701,0.25396981613842856
2014-07-14,0.0,0.0,0.0,0.0,0.0,0.0,0.27652220351566564,0.5240494662450351,4.221603206745048,0.7253961614745011
2014-07-21,0.0,0.0,0.0,0.0,0.0,0.0,0.9222911744288773,0.0,3.8995049555639962,0.343638384161469
2014-07-28,0.0,0.0,0.0,0.0,0.0,0.0,0.0,0.0,1.566364868179121,0.0
2014-08-04,0.0,0.0,0.0,0.0,0.0,0.0,0.8513885211183579,0.0,4.68466210645235,0.32721851109170114
2014-08-11,9.780856960941943,0.0,0.0,0.0,0.0,0.0,4.768662697280926,0.0,3.348437072601804,0.24259038277269973
2014-08-18,8.330137221820214,0.0,0.0,0.0,0.0,0.0,0.0,0.0,0.867510155163982,0.0
2014-08-25,0.0,0.0,0.0,0.0,0.0,0.0,0.0,0.0,0.0,0.36434690253874136
2014-09-01,0.0,0.0,0.0,0.0,0.0,0.0,0.3051727391637792,0.0,1.887926776525932,0.4907167061017
2014-09-08,0.0,0.0,0.0,0.0,0.0,0.0,0.0,0.0,1.0465023864818201,0.3510879831816759
2014-09-15,0.0,0.0,0.0,0.0,0.0,0.0,0.0,0.0,2.8802585367494795,0.4666763716488765
2014-09-22,0.0,0.0,0.0,0.0,0.0,0.0,0.0,0.0,0.7521476873628364,0.7017829829287996
2014-09-29,0.0,0.0,0.0,0.0,0.0,0.0,1.278010583997748,0.0,0.6926136327621607,0.37521374881592384
2014-10-06,3.874065019299475,0.0,0.0,0.0,0.0,0.0,0.4496130043742168,0.0,3.2561861051124685,0.2810685868862453
2014-10-13,0.0,0.0,0.0,0.0,0.0,0.0,0.0,0.4231027885867133,2.1161650317149268,0.19020398232326338
2014-10-20,0.0,0.0,0.0,0.0,0.0,0.0,0.0,0.0,1.550615892228246,0.5095457384876356
2014-10-27,0.0,0.0,0.0,0.0,0.0,0.0,0.0,1.0729677896094687,6.280623347393642,0.30550190477362105
2014-11-03,0.0,0.0,0.0,0.0,0.0,0.0,3.0615435401856237,0.200659404390872,2.3142218128680345,0.36304834858109064
2014-11-10,16.699100113548553,6.9477731387776185,0.0,0.0,0.0,0.0,0.0,1.261287684742624,4.740246727455438,0.15235796895225834
2014-11-17,4.600416785536824,0.0,0.0,0.0,0.0,0.0,0.2712708423832718,0.767042879320074,2.3514732606279987,0.37965617024999215
2014-11-24,0.0,0.0,0.0,0.0,0.0,0.0,1.22334447129092,0.0,1.5073671564126856,0.39523881774180103
2014-12-01,0.0,0.0,0.0,0.0,0.0,0.0,0.0,0.5707972224713854,3.25779513361519,0.0
2014-12-08,0.0,0.0,0.0,0.0,0.0,0.0,0.0,0.27944242503629474,0.8917430995837493,0.5414286553952183
2014-12-15,0.0,0.0,0.0,0.0,0.0,0.0,0.0,0.29790422927187876,1.6037625912575144,0.30900458321202107
2014-12-22,0.0,0.0,0.0,0.0,0.0,0.0,0.0,0.52229345915836,1.232028248689495,0.16934168781942718
2014-12-29,0.0,0.0,0.0,0.0,0.0,0.0,0.0,0.0,1.9339547433916466,1.029240701328489
2015-01-05,0.0,0.0,0.0,0.0,0.0,0.0,0.8479742085799818,0.0,5.01651204552868,0.27953082562060627
2015-01-12,0.0,0.0,0.0,0.0,0.0,0.0,0.0,0.0,2.4329486129930515,0.7110266367589188
2015-01-19,0.0,0.0,0.0,0.0,0.0,0.0,1.3675435078981029,0.26278408753837706,4.328189155440442,0.37533335246991795
2015-01-26,4.315600739860455,0.0,0.0,0.0,0.0,0.0,0.0,0.22571810011423535,10.086463340723489,0.9682770102640438
2015-02-02,0.0,0.0,0.0,0.0,0.0,0.0,2.8784139182223902,0.0,3.2422899498616964,1.1856310220439785
2015-02-09,0.0,0.0,0.0,0.0,0.0,0.0,0.7443015773196126,0.26022126638485127,0.0,0.4917760527513625
2015-02-16,4.64349344120131,0.0,0.0,0.0,0.0,0.0,0.38435138917058,0.0,0.8795047312751747,1.03961204675341
2015-02-23,5.300317973734576,0.0,5.6189099515417515,0.0,0.0,0.0,0.7912298186758813,1.615526519741079,4.376216218324689,0.41401659141888203
2015-03-02,0.0,5.384439494922977,0.0,0.0,0.0,0.0,0.8805586260657897,0.0,2.1769180473025127,0.786137731467243
2015-03-09,0.0,0.0,0.0,0.0,0.0,0.0,0.4468852655527967,0.2931582641727569,0.935771970430932,1.0876927156590572
2015-03-16,0.0,0.0,0.0,0.0,0.0,0.0,0.2913855966854448,0.0,3.374912905237485,0.7612772576727452
2015-03-23,0.0,0.0,0.0,0.0,0.0,0.0,0.0,0.0,5.270348481442782,0.5471354583143676
2015-03-30,0.0,0.0,0.0,0.0,0.0,0.0,2.260015115755401,0.0,1.245046752029692,0.9559065751937921
2015-04-06,0.0,0.0,0.0,0.0,0.0,0.0,0.0,0.0,0.8128519445109456,0.1888712558930429
2015-04-13,0.0,0.0,0.0,0.0,0.0,0.0,1.5056376052382976,0.0,4.897541453206282,0.6965545946256269
2015-04-20,0.0,0.0,0.0,0.0,0.0,0.0,0.4157296636401136,3.7228299430531644,2.5915598166097573,0.8051547124523124
2015-04-27,0.0,0.0,0.0,0.0,0.0,0.0,0.40021680884618693,0.5000348828434785,2.128939742857742,1.2726170509702932
2015-05-04,0.0,0.0,0.0,0.0,0.0,0.0,0.0,0.6613502365626304,1.8555024142741308,0.9674397846860848
2015-05-11,0.0,0.0,0.0,0.0,0.0,0.0,0.8946055531937832,1.5799317814976652,4.197614054522663,1.1625304305868234
2015-05-18,0.0,19.35197025770446,0.0,11.392555421341077,0.0,0.0,0.0,0.0,7.038622047493645,0.617189027082368
2015-05-25,0.0,0.0,0.0,0.0,0.0,0.0,0.0,0.0,3.8187609797910893,0.258822307243334
2015-06-01,0.0,0.0,0.0,0.0,0.0,0.0,1.892828069508723,0.0,0.7770632499352731,1.111818481293305
2015-06-08,3.9362238776925276,0.0,0.0,0.0,0.0,0.0,1.4786014456273513,0.2482614343350642,4.438431987096567,0.29383200539104926
2015-06-15,3.9265883099781025,0.0,0.0,0.0,0.0,2.7938503998247595,1.3084610561470709,0.47530840467705365,1.7706139711457305,0.0
2015-06-22,0.0,0.0,2.1737306859800625,0.0,0.0,3.15728119672406,1.1917435242645358,0.6117074416258157,2.0946138014663616,0.6965204221530572
2015-06-29,19.638326131848576,0.0,0.0,0.0,0.0,0.0,1.8392753195861482,1.920359858057676,11.885942308039242,0.604425608577564
2015-07-06,0.0,0.0,0.0,0.0,0.0,2.145526493812518,2.1229044888746293,0.8311608678092103,4.344913300180845,0.6901985147276521
2015-07-13,0.0,0.0,0.0,0.0,0.0,0.0,2.171985231613788,0.8566941600424859,3.6450346599367016,1.951231097496798
2015-07-20,5.221438571366494,6.3058409058188865,0.0,0.0,0.0,0.0,1.9187323102890124,0.7130812561430585,1.2652327459729187,1.057296301308259
2015-07-27,4.495370204179569,11.21518279824866,0.0,0.0,0.0,0.0,1.1083897638167857,4.764996419169332,3.612171471729613,0.3346510238756231
2015-08-03,0.0,0.0,0.0,0.0,0.0,0.0,2.045098986301741,1.1471472241087433,3.0881645226768186,0.9077575613430056
2015-08-10,0.0,0.0,0.0,0.0,0.0,0.0,2.0011953805093596,1.2842581558223736,7.4330290644181884,0.8194046335139007
2015-08-17,0.0,5.06432025474039,0.0,0.0,0.0,0.0,1.5128187951967302,1.767682160818926,3.852209269271895,2.0115455115824177
2015-08-24,3.6475347116603594,0.0,0.0,0.0,0.0,2.050960706477922,1.254073284136306,1.2968349633350467,5.176927311406013,0.4569201307302111
2015-08-31,0.0,0.0,0.0,0.0,0.0,0.0,1.213157201815004,0.6015036166627038,2.309492244238825,0.5166536127821449
2015-09-07,0.0,0.0,0.0,6.13741897638414,0.0,0.0,0.0,0.0,1.660419897929083,0.5376525971762602
2015-09-14,0.0,10.387784656295256,0.0,0.0,0.0,0.0,0.32458236370259186,0.5620646466890011,4.350032936325866,3.108891950742431
2015-09-21,0.0,6.84530110686732,0.0,0.0,0.0,0.0,1.2144746811097034,0.0,0.0,1.1934906907350225
2015-09-28,0.0,0.0,0.0,0.0,0.0,2.3567921107149883,1.5252513462875568,0.0,3.5599024246109194,0.7650704021279882
2015-10-05,0.0,0.0,0.0,0.0,0.0,0.0,0.9065556470781,1.1632360457947664,0.9482541309368885,0.7168017846232074
2015-10-12,0.0,5.4496489697749855,0.0,0.0,0.0,0.0,1.3928353991470528,1.9738468847247792,0.6926136327621607,1.6168705396380176
2015-10-19,0.0,0.0,0.0,6.400568695782477,0.0,1.9783508713816247,2.329080720471903,0.3483063786245528,3.8515266511192254,0.4882050293678229
2015-10-26,0.0,6.416781700696979,0.0,0.0,0.0,0.0,0.836358123530941,0.9245140013089372,5.9510162965332265,0.4694272556907419
2015-11-02,3.90703377549883,7.211998543372769,0.0,0.0,0.0,0.0,0.8392714228164033,3.690130243520215,1.6818248528592192,0.8698090305542913
2015-11-09,0.0,0.0,0.0,0.0,0.0,3.158171646698962,2.292599533241209,0.9667056310401304,5.319058162479698,0.9831420358318879
2015-11-16,0.0,0.0,0.0,0.0,0.0,0.0,1.148489380096302,2.0332189081147938,1.4114105475231444,1.052819707401621
2015-11-23,0.0,0.0,0.0,0.0,0.0,0.0,0.0,2.0247710902383567,1.3374439948374566,0.367473683778874
2015-11-30,0.0,0.0,0.0,0.0,0.0,0.0,0.40570939858183563,0.8191535761084321,3.635673039557234,0.13460536945226995
2015-12-07,0.0,5.745208797350971,2.5947257652583566,0.0,0.0,0.0,0.6273613728802269,0.0,1.5862095530460127,0.7560830418421424
2015-12-14,4.182875517911764,5.127835976998839,0.0,0.0,0.0,0.0,0.0,2.09539105091329,1.67816796989849,0.6655259895322883
2015-12-21,0.0,7.752305620717983,0.0,0.0,0.0,0.0,1.7141333426360978,2.4817126099818085,2.2031013293013357,1.5736081893647065
2015-12-28,0.0,7.010441984739289,0.0,0.0,0.0,0.0,0.9034567873285955,0.0,0.0,1.759591871325605
2016-01-04,0.0,5.977252902668507,0.0,0.0,0.0,0.0,0.9970534853914741,0.3988034472792094,2.9824074674525227,0.5583782017898175
2016-01-11,0.0,12.277165674409938,0.0,0.0,0.0,0.0,3.246027753536365,1.6011462454907401,0.0,0.9823389827264986
2016-01-18,0.0,0.0,0.0,0.0,0.0,0.0,0.0,1.153174599784628,3.94392389392699,3.0704650053377405
2016-01-25,5.132923601283987,7.891193333389792,0.0,0.0,0.0,0.0,1.9649183097891123,3.835309315902353,2.0179655346094716,0.6534801929514491
2016-02-01,4.056668474122833,0.0,0.0,0.0,0.0,0.0,1.1042146533758366,0.5310260349407443,0.8351833097911334,0.9853119878400673
2016-02-08,0.0,0.0,0.0,0.0,0.0,0.0,0.3899367591382498,3.3007238071372673,2.4993576075598987,1.020116651152364
2016-02-15,0.0,6.401537927354951,0.0,0.0,0.0,0.0,1.508810689173419,1.1379400518164469,0.0,1.373579621177638
2016-02-22,0.0,0.0,0.0,0.0,0.0,0.0,1.7107746982369343,1.5028573082879262,1.7849489523517903,0.6413660514254705
2016-02-29,0.0,5.170179791837806,0.0,0.0,0.0,0.0,5.182295527677364,0.5430333266415226,3.2585265102073353,0.9622797413280516
2016-03-07,0.0,0.0,1.7935543788431436,0.0,0.0,0.0,0.3477774217078651,1.2803664644410937,4.874917537289235,1.0592099597721651
2016-03-14,0.0,5.276886205232001,0.0,0.0,0.0,0.0,1.994941992871138,0.5296971647129901,3.7379194871392305,1.5680039038632663
2016-03-21,4.8923178074738,23.092622860578754,0.0,0.0,0.0,0.0,1.853526363224588,1.5506966364870745,1.3513401500882283,0.8812055501563049
2016-03-28,0.0,5.403917649748901,0.0,0.0,0.0,6.280928825824677,0.723722921857334,1.2595316776559489,6.550940135850763,1.4152871239490257
2016-04-04,0.0,5.287048720793354,0.0,0.0,0.0,2.189209425438426,2.40323068190316,8.920943137168358,1.6382348079673241,0.9240578307587793
2016-04-11,0.0,16.314224981157004,0.0,6.197175891830846,0.0,1.0205065540934368,2.6392079240256083,1.3134458411819732,2.9983514771613033,1.760992942700965
2016-04-18,0.0,0.0,0.0,0.0,0.0,0.0,0.8759567265575434,1.6814479749678817,4.5497475044211715,0.4112486211407318
2016-04-25,0.0,12.538850450114753,0.0,0.0,0.0,0.0,4.615389753982082,0.27583549156096215,0.8349395175937515,0.817542233758849
2016-05-02,7.206459986888071,0.0,1.99577581880959,0.0,0.0,0.0,2.8453655995764766,0.534015992953191,0.0,0.7112829303031918
2016-05-09,0.0,0.0,1.799246537894051,0.0,0.0,0.0,0.6968723227104298,1.5784130726659462,2.6644049251874886,1.2435191905771459
2016-05-16,4.977243056250933,6.5141724748266014,0.0,0.0,0.0,0.0,2.0457113358330803,1.2655590533318335,0.821482188298267,2.2160677599124092
2016-05-23,0.0,0.0,0.0,5.5754846797522735,0.0,0.0,2.740598161578258,2.194534261833945,2.1074372710486524,2.1655266729817395
2016-05-30,5.590424135018865,9.845783826356485,2.209830957855554,6.024301145614993,0.0,2.0418781167339213,0.4107751992501873,1.4954061430823051,6.230694705369816,0.9213411191894836
2016-06-06,2.4217393522253436,0.0,2.04236164683149,0.0,0.0,0.0,0.5890245810091111,0.7329668499083791,5.512385375003595,2.9749187720327015
2016-06-13,0.0,17.266960815033748,1.5018312274841406,0.0,0.0,0.0,2.6751509859105798,1.0669878735845753,7.7926225555565845,2.8694625216824337
2016-06-20,9.15029407374799,28.796334719387538,0.0,0.0,0.0,0.0,4.272789469220993,0.5837062475409968,5.90406191931746,3.36916658806998
2016-06-27,4.040798127299075,14.255468703686452,1.6599384348060546,0.0,0.0,0.9056893901867834,2.892943302556893,5.8250077240581986,3.0176598191939545,3.6933266628666876
2016-07-04,0.0,15.414842353977354,0.0,0.0,0.0,0.0,2.7919427419787315,1.8486483254099444,1.953068051666393,3.4334962676825462
2016-07-11,3.9272495744290925,12.04681532168596,1.8885984556273734,0.0,0.0,0.0,2.017858710180348,1.6727153991854975,2.222312154455034,1.9718370984563611
2016-07-18,0.0,24.88376622826704,0.0,0.0,0.0,0.0,2.20340061817613,2.5792421927687625,4.217068671873743,2.7450234628196664
2016-07-25,0.0,21.520820453756322,5.0644487218856025,5.536012221842523,0.0,0.0,5.2413408673355875,4.640367375666393,4.970776629299824,6.04642603778382
2016-08-01,7.51394795659838,0.0,1.8125781735659128,10.902073583240286,0.0,0.8987184389546932,7.010047542446491,6.338995744293095,7.158811600802954,2.1142508778908202
2016-08-08,0.0,7.737061847375953,0.0,11.588090282282897,0.0,0.0,7.291394318027254,3.889270939079368,9.01884854994839,5.42957873542715
2016-08-15,2.640428952802722,0.0,0.0,17.982628463662493,0.0,2.0000269679135254,2.5603076147148705,10.474439893063913,3.370817196321468,5.277459973782879
2016-08-22,4.333549346387324,15.556270695539503,2.174404757446617,5.747993940246739,0.0,1.5424120050974444,4.133452116771716,6.0904495520520845,8.456078641511864,6.881908819641791
2016-08-29,4.442374581750235,0.0,4.21451949938959,0.0,0.0,0.0,7.998045677192708,1.85353666946204,7.421814623338617,2.9778917771462705
2016-09-05,0.0,23.502510988219953,5.104668319390041,0.0,0.0,2.172697938760957,3.467661171788352,8.059977608536663,8.711572864368161,2.5585613662427913
2016-09-12,0.0,12.986001134814238,4.480777728678745,14.635144741482812,0.0,2.111434980487697,2.439452084484195,6.39020470771262,1.7389697439255516,3.756819116901295
2016-09-19,7.157526417514817,20.912763272668762,14.89750368866886,5.330609246423265,0.0,0.0,5.251491024718695,6.038765992122648,1.463874628399743,3.867708790390154
2016-09-26,6.367787730332579,5.078717151785639,4.173251346270512,0.0,0.0,0.9906637592202915,4.4781121226836715,4.689013517932391,2.5152528588292027,4.2673216846208835
2016-10-03,9.482626693545493,0.0,6.517971494266647,0.0,0.0,0.0,4.084742494960642,7.887888914042504,6.773327378302592,4.530449723408006
2016-10-10,2.662156213335248,17.699714602687987,7.3531460413280705,29.13451153747051,0.0,0.0,3.0110339818733403,3.287292725906752,11.69120110077053,4.379202359814266
2016-10-17,11.49702714396105,11.288014159771683,3.551907247766202,12.376077497592362,0.0,0.8794847194968094,5.329036742641924,6.05561416822453,9.81960840146919,3.1613466961370067
2016-10-24,3.00384100179675,19.287607659149227,4.282900304830097,14.47396553835133,5.907626487563404,0.0,5.102077739071927,3.3160058147564397,4.195371166306748,3.5115291087955844
2016-10-31,5.620842299764401,25.339385675934317,4.909711871896462,6.156972462478323,0.0,0.0,5.678113087598085,5.311304461729249,15.752827867593533,6.594398721676146
2016-11-07,8.825802161012227,40.11483642584327,13.076986451163522,12.280685724310466,0.0,4.393531059022332,15.952224860685844,16.321801112738974,7.109906886008131,14.465822743284084
2016-11-14,17.438204837054993,22.74201607371211,4.380191286502842,20.879285548511834,0.0,3.677583837773244,5.650594470780629,4.629499115589404,3.0360417508765547,9.897629523922781
2016-11-21,0.0,5.497074042394627,2.756278226742662,11.814508686681883,8.574161460655027,3.744876414447983,12.385845522027047,14.73826239776598,3.2964605761199692,6.012338996395488
2016-11-28,10.830189178312793,19.19614501909706,8.791389860467207,19.72197501174123,0.0,1.3286276868373939,17.891591494576346,8.926353537381356,13.374342431495611,5.119343943202616
2016-12-05,0.0,7.843768260770149,8.239774710336512,13.230583114194186,0.0,3.630161016252748,17.921986298586457,11.920915135974273,21.76410959531958,10.077154608567994
2016-12-12,17.07195879755672,0.0,4.01214826576391,22.61936306803334,6.4171376661385935,0.8865319950124625,13.701413543946932,6.654175286525778,16.32408174449895,9.265712161162847
2016-12-19,11.006652320376958,24.232518356043734,11.411430754136177,13.408209174788063,0.0,0.8687484369422762,12.937980682784572,17.568423765325313,4.230379725850798,6.7590246082809475
2016-12-26,3.2129895010098455,29.90997704965236,20.26738168173341,18.42669361514719,0.0,6.091110332603419,9.02473316869172,23.156702750239315,7.874097907921637,5.76173516880518
2017-01-02,12.218750059041469,40.90835951592551,6.652860684407229,8.46592850733804,6.137462100191952,5.829877751395017,9.91831813933327,13.741467347997416,8.229741965462448,8.116816547131357
2017-01-09,5.844349684198991,59.506609869496366,14.51275867492529,39.17495253254194,0.0,4.334837684962361,12.876634393372225,9.691925167520703,13.65202174431367,12.730749621027279
2017-01-16,3.8789772695068288,42.72236854362683,6.9656298448886655,5.618977480597277,0.0,5.349772566355696,14.941625461419289,15.192308878798965,4.039929261256008,11.284006736077792
2017-01-23,16.12257197863549,34.357771360337395,16.89028363429376,0.0,6.953225821124602,6.404268868062537,7.941987861005563,13.242381658173763,10.049504443600382,20.010853177288155
2017-01-30,10.616128428892345,21.63684250641509,14.942966064246502,23.06050433374694,0.0,3.507202595432704,13.132522273286401,16.549559977845835,15.849125785559409,18.349199612347473
2017-02-06,5.7844580182093335,19.477307949627797,23.9781451051177,21.759740651332105,0.0,4.991302847887993,16.75685214486557,11.805398345461647,8.066986294490247,12.659448757010484
2017-02-13,18.943903991959026,30.775484624960832,20.87614311286203,5.720765254003439,0.0,4.205620672890149,13.668420893440233,15.859164434876579,4.315999545571344,19.58362892522106
2017-02-20,19.406411242251398,14.190259228834446,10.23232996547256,20.813315375801555,0.0,10.779787396163993,20.13891427459126,30.614369928046425,11.265052339746855,14.849340402934457
2017-02-27,10.444672003385675,38.03829574614036,8.640847232936629,7.619646319467415,0.0,4.917675355677522,11.114997571941327,14.429489908417112,15.842640913109049,10.40833712647779
2017-03-06,11.862234053607764,19.101294873857775,15.782634421084957,8.102818443140473,0.0,2.0947454038152475,17.856446342686755,10.365045397529157,14.497541843273797,11.9952725801447
2017-03-13,13.91659377013314,20.33265300937492,7.402877536193893,30.199171443869616,0.0,1.3530005747218552,18.63722910723706,14.011085625278529,8.670420741450085,13.76889225146019
2017-03-20,9.354341390053449,19.332492102878533,18.41435922017421,7.686895692202544,0.0,1.2479783605391241,13.790389786455162,15.156998898461502,15.644145306000654,11.122148819751141
2017-03-27,29.279656293631646,62.17596395694481,7.043447650860939,29.44627085781326,0.0,6.297262222507166,25.315754324625782,31.78690806543547,13.731644275978619,15.979116518563172
2017-04-03,4.3840888437129815,22.75810672335092,13.239662365092087,10.431327974094371,0.0,4.31140612990851,17.31112125095958,12.567885098286563,12.623169912922302,24.02610161799823
2017-04-10,0.0,25.65357678203945,6.71974355325539,30.764760597715345,5.739782159765967,9.176366847071831,38.99603253171831,18.777031237467686,15.268607805153476,17.193042347894906
2017-04-17,15.20331992540937,22.978294560513547,10.4218938412337,38.43319926098787,0.0,2.1218659659079777,20.412356174403826,18.454542908982354,8.222428199540987,19.190115817344033
2017-04-24,18.903283461398214,13.075770022272849,20.310896739741008,41.935283443314084,6.044735094474978,3.6173639780420124,27.61989571873042,23.79517743502418,5.733358622710608,21.833271139433254
2017-05-01,17.170770599804644,21.400564019613654,7.834433068448213,44.47851583558259,5.792026387233694,14.354918603967795,22.579869398834198,21.558783761015977,6.688682727371574,27.952980044642917
2017-05-08,35.124005977830635,33.45754185686097,12.72796722514736,38.29468017258236,6.488161224126436,3.380377077578801,33.55189263323102,24.44722557999253,9.246014119468903,25.554038297773456
2017-05-15,18.353772702625598,49.60577908384922,16.147232187661494,43.33271809903567,0.0,18.11414398372563,28.953277545198354,18.318950686100443,8.464855160617613,24.077291981907724
2017-05-22,38.91720780140906,12.2255062203064,23.10200199225567,33.18628624476213,0.0,11.802252940202214,27.67066506169236,29.811874689435907,9.698248645612448,15.723745631049383
2017-05-29,36.753456051419924,24.637325225904252,23.808728476523587,34.22024535056477,15.603479309596432,11.990214209190105,25.053279048238114,44.49641276227983,18.79842627260746,30.697849731336017
2017-06-05,15.239972869264239,36.720556228351725,25.101897136694202,61.60316656829009,12.36895081374933,8.11711299835623,29.38886217849098,21.00502455325044,12.305508679733604,27.27908179933104
2017-06-12,11.278054144333247,19.266435751729745,29.913419264962513,14.653967256134221,20.98989814974859,9.151128950640322,26.189669886078864,12.99150994303418,16.820393899929154,33.7657859737036
2017-06-19,18.818358212621085,70.60407686249269,30.72552558850184,22.18991734540411,5.735688395673346,7.073836366333156,30.259641768101748,28.98033414441877,7.782432041706019,27.080112577793635
2017-06-26,9.479887169391391,49.72349488910155,20.981298261644586,43.08528426565695,0.0,9.197635880758064,22.58925875831473,21.745347649062456,21.28788591695365,22.99183756320199
2017-07-03,3.4865640510193865,22.21610589341215,24.521521603990504,61.715736170477165,0.0,6.424214947500341,29.432468887540896,29.267132815358703,15.86438717711552,24.084263166311956
2017-07-10,7.747752173198386,59.33215335235982,15.465970625463424,34.03494408982177,0.0,2.1274885214637878,32.22244468860078,17.61920559188592,10.21674589100441,35.25529570807414
2017-07-17,19.9588504578784,78.15228529568687,17.234434566384806,61.54359239570408,0.0,13.479097450082012,21.01681938602125,33.45715556276942,9.597806260291078,21.62770663068989
2017-07-24,23.3065489741899,15.903489977219026,17.509455724739173,44.52091217926344,0.0,2.5352382856853555,28.9842661426934,26.247702359646386,6.629685015605139,33.237411202830025
2017-07-31,2.5603214878828013,43.515044757412284,28.80419721833175,48.889014778415145,13.484534019179609,9.21501237598258,27.05222914713256,20.985423717391065,27.791627883391268,33.355220802014266
2017-08-07,5.50606568434258,28.806497234948893,23.36706187227095,24.78084562431357,0.0,2.371649904581925,26.26866297562162,34.47203273956564,26.77072367763455,34.8373834547823
2017-08-14,2.501468951744699,33.60405145620379,30.538208617629216,45.028571846269394,8.172127834606732,10.372622784783076,26.624066932401625,21.865800243278173,12.15713674840694,30.663096326732582
2017-08-21,9.224072293208437,23.865820919538283,12.894612671045635,53.67121269989785,13.533334286378942,0.0,30.712928869664,29.092006703201108,8.389620888505538,38.34969853044699
2017-08-28,30.65064643323402,32.83508777872816,13.351633125369803,39.22977539074992,13.152484265000396,10.104317486631166,21.66390583622916,43.68732063218154,15.172553679384981,26.9754081218399
2017-09-04,19.332160691040244,63.857860282348554,15.725038759109328,42.658762428798816,36.058328990477776,7.726383549369217,28.121113088154765,36.20350318667826,7.3159600512353675,31.4697033692691
2017-09-11,29.609249389275043,27.702170543948647,11.76606724237363,22.464762607886815,37.59310064291591,10.850387358459797,24.246053917561795,35.55762479633877,18.190311015457887,24.03847205306848
2017-09-18,9.380697501742905,22.438834359465112,15.702270122905698,38.128018683630074,32.001603715838186,9.401421717871356,28.588075995916927,32.788591459256125,23.31604196541369,28.29273985316772
2017-09-25,18.114017105966685,41.99490180469339,20.178703835466642,57.17567253941307,13.916133719230164,15.035629447638616,24.201055505031565,21.06268802920477,12.766568483422375,29.414160799253125
2017-10-02,8.5746161359862,88.11239742210856,8.144955324041133,33.916709458953214,14.075270675782981,11.857613487213266,36.61312072062778,25.298604259123998,18.137408108626,37.70107082860045
2017-10-09,15.19991913680428,8.07157798460379,28.632458788019505,36.02757224282141,9.62547906786941,5.097876989169839,43.57210202336986,27.508800205785043,12.783780212557541,14.639555593828725
2017-10-16,18.60599785750318,32.44044342442899,14.094609675172451,39.335583507091336,23.26979984742606,8.011251217054305,49.69899309325397,29.566555753462296,17.601942926296253,33.78784430474738
2017-10-23,15.202942060008803,31.516501384642748,12.936779586120121,41.705575667422615,0.0,22.322843069386153,24.959032888551086,20.98485420157917,21.348395140343854,40.956613945375985
2017-10-30,27.16398791586449,27.915583370737036,21.65387179160706,50.65668646990134,12.38376634094167,20.005383406133976,32.344153796966054,21.95379043621589,15.021695067645021,35.51772321117358
2017-11-06,35.58037291536382,62.568067682353636,23.939123856887136,52.81561062613186,6.0236814505700735,12.197307431924463,30.228671726653104,28.23517016420565,25.702279993388355,40.46456451284406
2017-11-13,35.07072695635088,62.64174592017344,24.16471310769415,42.263855106840616,100.0,13.589640454109134,47.590339648017775,56.54395024709867,25.166180951345417,48.176198052715826
2017-11-20,100.0,43.978286091750576,22.810578428215134,51.005359848104135,45.557096312623216,24.40430804786143,41.15295025365187,27.7857747289698,24.71136222790962,33.86855968495714
2017-11-27,56.9832360015039,12.521912924179166,19.19238748623771,69.87228101466147,8.61912788529143,17.324900008828177,34.33874322495551,47.777630652859706,29.48232677223519,31.13858919630445
2017-12-04,47.89793477665321,6.1474750383211525,24.884771227633934,82.8208918948059,9.782601632567129,29.916778545345657,44.587841447490376,49.18191426603887,15.734104626834597,36.755791892375846
2017-12-11,82.730134198897,26.64442204927126,17.355767430364672,79.55582520279889,13.496490409545359,21.70708419102747,33.52656362988926,48.07097875563643,34.33476666892581,46.70758478532169
2017-12-18,49.46569832360015,53.59541331797665,38.19685882696586,54.85355900858343,29.266059576613817,14.421193523528359,34.41580648567223,41.0792704312611,22.293382455835825,35.81434027307907
2017-12-25,21.200799563187598,59.0094934832869,25.578989941355783,56.37270040952676,39.64427139446601,12.611570201676741,40.523714720084826,57.702250489190355,22.990335589711382,44.158181641727595
2018-01-01,44.377740704983474,100.0,42.28600103357625,58.41430364919219,0.0,11.475025295139645,46.72865252114508,52.70356274854026,30.150414909940725,42.98351998337851
2018-01-08,30.803965319513537,79.20325877999001,38.64062254244778,71.87349808211367,19.549283071440733,16.124039172675296,53.970928984340375,45.20750071308125,33.19386794361769,39.476997141814394
2018-01-15,32.01266226957296,55.478866202013876,20.22057116322266,45.268878708081076,14.790639705872795,15.333548567812983,67.07758412893928,33.724258478548,18.09976659335023,51.210781961855325
2018-01-22,18.731354704140838,65.47200650400995,16.534598590441664,49.39228861676446,20.465961326275597,17.37242459606009,47.731514049061076,48.04701163188586,21.248781648493583,41.61108514003195
2018-01-29,6.328395262323608,80.3346855124872,33.893436790820644,47.58349978162228,6.420906528319101,8.566561262831065,41.22708165903673,45.4974791806376,21.67863605091746,42.996488436718735
2018-02-05,34.31452382346884,24.898163125312287,33.603436266542836,79.74788794938755,20.426323292997843,13.501282375170998,43.58780043862783,53.2243374988669,26.74834355391489,32.808051171227326
2018-02-12,32.54715287867309,65.32465002837036,19.899713145142567,96.06426700924861,16.936421894230133,18.835662877674817,41.675358628069844,38.43496105698338,45.082443207388664,43.98369699678642
2018-02-19,19.744884174808092,75.78357229359507,40.75653287596336,83.313566647235,0.0,11.338939097546758,44.77948829475315,60.58888884142923,23.83726968341633,40.05261535601565
2018-02-26,18.13243804424426,37.52847621547921,33.327216758914595,100.0,21.731454273954693,11.383130857729755,40.51000180179211,34.5414187493148,28.825989418443466,53.129292916866575
2018-03-05,26.524072860006537,81.50760918352657,32.44800287603826,85.1545182258592,26.684973806407847,15.637064802115303,38.90065445320063,38.86551501077572,19.036660007889118,37.96484814436639
2018-03-12,36.95759783407552,67.04550266342595,33.40323704097606,92.07736601750311,11.658325351576359,30.682183902343592,28.80169320212229,63.533997483689305,28.522663166460827,36.78473597664243
2018-03-19,46.103924321117574,18.505940837221907,28.863740197877423,63.07844968266703,6.04070631076478,17.780098035998094,33.26310488304217,39.93122147378352,19.47309679964231,33.37965411990164
2018-03-26,18.139239621454443,53.66655092690611,29.193510938681968,41.78616526898835,24.16282524305912,8.654715810346367,37.88009045701501,51.514461192955274,23.317163409521648,37.52000798268959
2018-04-02,28.207179820476146,94.27003497599105,21.06825348083016,75.96328330442951,6.283018156818457,7.412792509636577,29.08613883745256,28.341859459633906,18.150475370405676,31.999957626134012
2018-04-09,21.94557226770252,37.026278571489065,16.742886673607106,58.04571129917382,20.009539120139628,9.32453772289553,26.82925969353947,37.90322312727777,21.97942686404733,29.118756860123867
2018-04-16,30.91505774727984,42.90698757632473,27.391193630773607,45.18719264935117,5.8074267378678375,15.707054170142602,39.31478829684998,33.42668646683306,27.917619690998265,27.599910058052195
2018-04-23,8.482322511898037,31.490248219442584,12.64737823647925,50.085249544513424,0.0,14.61635471659903,26.374005651058376,29.391049964096773,22.905008320627694,24.445842098572548
2018-04-30,9.61185666053895,35.78221729152023,15.105042803538126,37.414042326901395,0.0,6.61034443368272,25.994998403252207,27.197275056678688,21.364095357855252,27.069057782917316
2018-05-07,28.36720581761571,12.609988059044216,17.936891931364546,39.58228636902727,6.362879046815767,5.747167669440546,28.027572058231097,44.869967675231706,21.84695018398997,25.536849544070872
2018-05-14,30.516315283332922,18.610106621725762,9.035403731360052,47.62023109662164,5.673762091224659,6.242792125471016,21.027433444564462,40.59551420870761,24.85334680366488,31.743715340569693
2018-05-21,14.02589133724676,34.318815050685544,20.159080866106937,53.282518635203225,16.015649875302646,8.955179073306168,26.31883852509863,40.418774468416316,27.27907916761542,28.39187419609258
2018-05-28,25.389815393858555,38.34147746038737,34.966708359235156,22.08283002903784,20.547706647363164,6.662601126495543,30.398162654509242,32.91098989916248,32.04580172770655,32.759560432650844
2018-06-04,14.115634369881105,16.729194366578874,25.805552850947823,59.6310056156881,30.83397122408745,11.002247241322374,31.79020014366091,36.13032040484981,13.300327120370447,39.091446220046116
2018-06-11,13.380024901329898,22.780972383363963,15.73005684669368,86.85713345893859,44.023234385539006,5.478506191298675,40.53039489679034,23.80224892302187,35.97290396001418,35.3354472424865
2018-06-18,11.133992960367587,23.992852364055185,45.72399020349469,70.2501932505752,8.577735381688269,15.463528822720823,23.524279380576903,29.704046362383863,23.892025410948317,34.87714312661721
2018-06-25,8.019248463504814,6.637816414156385,8.314446849464863,94.42597726313328,12.107014892204043,6.685294880141616,26.32696607342368,18.267931561284882,10.594526280067502,52.379958938356964
2018-07-02,18.47553982795788,8.339190894386057,29.084610948418554,89.2481410482496,7.6048490960579,9.921851566059813,30.430691403855835,21.114893645295112,19.206436894145913,28.572885783294584
2018-07-09,24.872895525884726,10.867116640272355,30.291049079892446,83.1342959008949,18.813770122799927,22.566750038225745,41.409153586354925,48.26950247573269,13.550019088929055,40.59103683382473
2018-07-16,9.757429306106872,72.84999280155148,59.06588674101425,54.82706129378291,28.866170303185466,14.826704442098745,37.60911651137421,42.707753435722786,9.555922760780856,42.810709789593254
2018-07-23,12.683430035387094,80.75388927939295,50.97470734063827,35.24397085616858,18.585039176672563,8.664027372941058,45.989361076354605,50.7328482007809,25.69881814418553,43.36650796970405
2018-07-30,11.209754973181003,27.10342900212566,12.391380872847654,71.64452127766498,5.9600656561784,9.072820235704652,40.056603363951425,33.205382114261006,43.16067807386611,37.59674226984498
2018-08-06,23.458639797917584,19.11823239979336,24.949631882082432,44.17717285829936,0.0,16.61867141301945,29.767516861415466,33.49536058181735,21.57419547355903,32.66121205659508
2018-08-13,19.0729450262522,37.02204419000517,29.13936053086873,42.988796035210896,0.0,8.830388869680611,38.46354822410286,55.25314265943951,37.87243524513549,38.2810972917632
2018-08-20,34.83852866770328,5.680846198795742,47.52847951946194,58.963263202714835,13.09900541026664,17.81920151061022,30.080650144486654,33.71059009906253,21.028734811136623,43.86469136106225
2018-08-27,10.171286386076416,71.43825001482034,25.997513425256706,49.46173090382791,12.444068135829793,12.424881004081568,35.75269540491056,39.108223665944806,34.10516317743147,33.95236767393447
2018-09-03,26.759577470909086,71.71771919275751,25.185332204887768,70.2255229643816,13.621772586856029,12.498126874874224,34.56902376083186,36.509333177665674,7.04262023953071,34.78431360488147
2018-09-10,20.054544870571654,13.60083332627603,42.24218638825018,53.15368491841445,32.53691210623513,0.9931824605778714,30.61513850511377,36.64032181440144,14.800282993982721,29.387301235813297
2018-09-17,14.296915295802481,34.19686486394932,12.312589408090355,39.235257676570725,12.598721445995453,11.110042571141229,29.885755989103146,38.77121268425616,28.04419659987898,45.052458162641834
2018-09-24,14.945899121274012,32.66910002455941,12.72744294734004,39.660865799125396,10.196916550893285,11.082031559073597,28.574196073206572,44.485781800457794,27.706544406504964,46.930150099168515
2018-10-01,29.06663467406275,23.257763738450723,57.1381921403267,25.611411926164575,8.76734813759726,15.653856144499171,35.3121377511816,34.85536434062171,27.379862862013127,29.788451891309663
2018-10-08,14.32610539799618,60.0748638646353,20.642914385434064,53.094841717271215,18.898179639566813,11.297927515845558,26.96534973786801,54.98437865587624,28.974068799133267,35.552374098359316
2018-10-15,5.467523413484883,42.961187659318604,12.679359182725793,61.62856782592646,39.431330681267326,8.340666824912347,37.25037246624145,48.845662638766086,37.97131736039362,36.38471301274087
2018-10-22,6.38658653401072,52.771402681210354,18.170869627088685,48.860506892146994,47.116105647704956,5.354275699085915,44.92040291114678,28.662449402079588,22.475739019477533,45.06974943376213
2018-10-29,19.822629980974476,38.84706260956462,35.60280713317405,46.601074162535156,59.13026357342718,2.02195747872397,25.875738693012295,25.296943171339308,33.6441033737427,33.10601804579931
2018-11-05,14.961297136347063,22.232196543050957,34.094909262490916,43.96446016845237,5.726526161751767,11.266329262450462,49.40148400125513,38.44986338739462,45.761453235536905,39.3793663876826
2018-11-12,14.722864068590127,24.037736807784487,37.83750383846252,36.36710847798953,31.65057968999159,17.7564120666657,39.23889406705673,31.004156041637298,34.00530589338382,41.31626213293639
2018-11-19,19.76547783913892,59.79454781040133,36.218384175797844,61.337641191702744,37.103668402509285,12.305967770290366,30.570789554207682,44.69954006852224,25.628313440702666,46.639718254798154
2018-11-26,8.647544158295375,66.2325014185178,12.618542957076627,30.30534504593242,76.70732705796121,21.635084950199676,36.267978257509306,59.83750764693626,61.32524463328046,38.30910163303412
2018-12-03,17.8348690412988,13.015641805201513,44.53687545406203,67.27678416423466,31.853708365444472,12.317823475670489,50.80732718893154,51.36202079397149,47.917015086348755,40.984225303212355
2018-12-10,33.98615879037728,24.290952820521504,31.99854700150543,54.84825946562333,28.143328529117063,15.319403133925965,37.841345432123,76.95150525402066,41.20424568987585,44.87737549943069
2018-12-17,31.60400083886119,21.830777178377556,63.3616693005385,25.595513297284256,47.69774505076917,14.38669494735787,44.20285915274205,43.00992903358387,25.300266659905496,49.67575449402187
2018-12-24,31.654918201587414,16.33116250709259,17.07557839076672,47.09137325777525,64.41726242847284,9.832145091445396,44.564998954366786,49.54721119971828,72.169609157225,62.77821518542667
2018-12-31,16.29535093304414,54.17552358127048,70.20184695581835,32.27147548413152,70.82614758604377,7.071215899264158,55.5743569541289,54.89420531899293,52.57944334439988,68.9849613782715
2019-01-07,27.19535074411144,70.59645497582167,73.86662372581767,38.498621205116066,25.809753035558565,19.470222971217858,41.2705028076226,53.35480407944176,53.490202235379414,61.18757201848594
2019-01-14,18.73144917049098,35.45701679355697,57.212864279455054,44.517988293492344,53.99064022571586,19.63996817786204,58.58260752904161,52.881773738012285,65.13644805495271,56.06240166871018
2019-01-21,37.21775816236498,26.113430611190623,53.717579034879456,84.38389158231561,42.37260271124148,21.197365183965694,51.54416923559666,67.77646314544532,69.65635539441433,52.57757834722786
2019-01-28,16.18860395738434,49.477053886738766,71.83662005587304,68.10680223750359,33.78830431092853,11.681762337884042,52.3448626379387,65.05208933994541,60.634922647173696,49.20068878035712
2019-02-04,38.26435085558174,41.39107900508973,67.93764089966072,50.38439960746833,40.74380444543792,13.761420974981665,57.74932970921376,52.69155545683948,59.86780611889161,57.5062740659638
2019-02-11,40.10842847669232,40.73474987508575,69.8650359130298,50.07976725869262,27.104682096475074,18.61083697972598,57.32736521398183,51.87795465989702,65.31417256684416,68.90839795347897
2019-02-18,29.581759681383897,51.6840135161457,91.94199989514445,48.22456173693434,33.27132038837475,19.754683576057275,37.79332238402888,41.6462234220022,45.750336311336284,50.493125865417866
2019-02-25,21.55986616007512,24.76435667042115,92.7469161230405,55.640449766728736,35.00246275649381,12.994031186611094,51.35866443969368,54.93782073825385,86.57177949288297,55.44716047256429
2019-03-04,22.73370502693236,38.3931369144909,64.4226577888958,41.67085452389089,55.287128815810505,17.450046392443692,45.09154532713289,72.20221797932942,68.33114976788545,73.84466287488911
2019-03-11,30.509797105173163,44.59142453061881,79.92525296404203,27.5932582503833,55.46640969091431,24.820936870404164,50.639135184323706,53.74150531571821,51.35350990064492,60.52947854173757
2019-03-18,20.75992510707761,49.21706286362751,33.631672371308525,20.941052635426168,38.01982681428477,14.043617292742045,40.9353063853768,45.08647860305365,50.598387948474034,34.665837642482124
2019-03-25,21.95407423921525,81.93189420821301,25.125115153875537,24.920461169883247,20.52723782690006,6.201780543769814,23.37317749470735,37.03219615263593,52.85507480275993,25.47627883644098
2019-04-01,12.842700301725523,28.174727517551514,28.545129084685843,8.79486565658596,18.331745645989475,7.439989396012871,34.159881493665246,34.97178286450317,66.96713242353336,23.85142902445792
2019-04-08,26.357245285656795,29.830370677755102,33.183190155560716,42.89852106202841,29.042527061080257,4.535570550733133,30.628090625503912,48.467551599319044,60.58167843126547,19.63994516001602
2019-04-15,32.67591051391584,26.092258703771144,42.71755656583057,17.308307307704258,5.736403179879995,11.474796322288954,17.87507661327659,24.53374452374952,32.75065372877728,26.317126696492398
2019-04-22,18.872109565851545,71.17995274430264,36.20280563523746,42.95846072033581,5.751933491278983,6.466498600594262,17.435483873960653,58.46540167712915,43.728323826250275,26.885842071234567
2019-04-29,13.410726465125858,35.90162684936612,17.02300081637544,0.0,25.309274130140107,0.898107844686189,19.028075112649116,33.32744833661042,54.331870417620905,19.278742124953695
2019-05-06,10.789757580452267,63.24641559607388,57.5522218144506,11.709066056061856,19.33107894726582,11.286326224743977,15.250917642884804,23.151909325489203,63.69431969055944,19.439130624959848
2019-05-13,6.819809215759253,62.54604889863737,33.238164428499736,12.169212579287558,18.778485775144485,12.163190477171788,19.42176019316102,40.45954230861777,44.430006528755044,16.89164113982966
2019-05-20,13.134223458261932,52.96787798206316,45.394818637327084,18.01680137861214,15.290533787849448,8.684405956652387,14.82520482627922,27.04692288233851,31.153132217772743,28.102638388262164
2019-05-27,15.656663939738024,34.805768921333666,51.29264438236329,15.704738705120638,12.16283304070501,3.9504685929389356,16.229916095124974,31.862558749115472,34.88466434934057,25.398724409943917
2019-06-03,26.61702774854569,57.48511614908411,57.76889834253316,5.655160567014548,8.740706180804017,9.938541142732262,18.438419626062263,60.84678458491551,42.62097090730192,38.207541044556805
2019-06-10,2.456975300828092,39.77015777305409,62.425384033493856,20.614491143367257,49.83287045640921,1.8108953932443341,20.34831925826287,22.055971064799984,25.61675769054676,20.910289741560426
2019-06-17,21.966543797433914,35.16569134746488,38.787120741179024,6.914441620052009,26.62161793354586,15.527564896630205,22.00223823031728,32.07551020311307,19.728932331574942,52.42701443308552
2019-06-24,12.775345794074694,37.058459870766676,44.32379397380109,0.0,19.498598373151147,14.060968346538708,23.493253670989052,29.911872174074404,37.6976849980521,31.638566642472554
2019-07-01,21.472579252544453,27.84952701958825,74.08584674610724,32.086539709109914,18.74800997578831,7.688094200448431,18.491861039706414,31.18768251202034,42.87739154050827,33.79358528013909
2019-07-08,27.97384793562685,30.43504035365554,30.73616093830748,14.941604518865459,43.36680256230644,8.84262619647855,20.32811172372867,40.27217160650444,48.97014862059937,28.261557471947818
2019-07-15,33.67583683016272,27.17880099253902,60.338908154017844,18.609984704422562,18.955037474186543,17.729418711712242,27.43609807909663,45.5380097225841,50.338456707625376,37.57087370810967
2019-07-22,20.8782914438048,13.786299235270704,26.33552281731914,32.048711936946404,11.709334951778057,9.860257869224446,27.44454108021055,54.40826595249384,55.368669874646926,27.13789822890909
2019-07-29,15.567487705204531,34.84049084950161,12.724072590007266,0.0,35.83479647494421,8.634489875202163,31.680144232437492,48.34771598056623,61.57596052906808,35.123424136427445
2019-08-05,22.177109291899132,78.87043639535572,44.646000134814294,0.0,13.692926105608716,18.231785146124114,35.00501662714538,44.34155192109549,61.0335228898932,30.579100389156118
2019-08-12,11.152697297695587,55.64231332729228,42.17185826523963,15.278216868262499,19.32646534011382,18.482281444777982,19.643857512573113,39.069496590735966,63.011165195055696,50.67654661193603
2019-08-19,44.093963789158664,69.26770606617492,51.08473078334595,12.183283779560943,29.367169051663307,14.624419649228857,42.71785587110525,44.14084505705362,57.979196724213,41.1277838604779
2019-08-26,12.183986442189427,40.26558040667,57.00944449021473,13.338949630585306,27.046524654206895,6.875622201919963,26.09540517034543,51.513891677143384,55.585401138119494,34.534700778995685
2019-09-02,25.29090912526049,20.729837992564427,76.58470456945558,7.448416258997802,27.75903454747012,7.194886680064122,33.65228084427784,51.18907782575949,59.882336133855574,36.378151898007474
2019-09-09,14.73438896330738,26.480128047696073,82.4068096197488,6.689667901399263,28.603909479728067,12.936686208227401,45.70463710032828,44.59726452063617,57.38029681212446,25.31941010110951
2019-09-16,17.381147161569576,22.552315783233542,47.055356246770074,24.904197055281543,6.235712438414843,7.805201092861975,28.88886950812931,24.713569141355247,51.51314503149064,28.17421263205952
2019-09-23,17.89277691393549,42.67324971841363,70.70979725428222,6.1209721189217445,19.217363278026365,17.62152161618197,32.245045953121114,33.21107727237995,44.024190036993026,40.213038028494374
2019-09-30,18.063194209590602,31.956877058967997,80.69818824569155,25.39413066480025,26.66885867156705,14.046441291233878,29.57100832999479,35.718228255293056,53.29692378129499,33.98739445831847
2019-10-07,41.552441104954,64.47692685529425,45.823078709078246,5.791852226813129,34.38352461391906,40.441184888707745,32.95119629903366,37.2745251305971,51.20859981852108,35.258046592116
2019-10-14,12.764954495559136,15.20481703237608,56.700794655362245,28.26739666348085,20.628672203861655,27.63086625263287,38.612961509749624,40.519104170611755,55.04447501056839,44.265671154195765
2019-10-21,18.3218430762778,20.47154072204673,42.23694361017698,43.54835467465375,19.061800242506788,9.732567342823495,32.16193342127662,30.46069557813686,56.445987594877835,44.2356848095158
2019-10-28,34.665277381543916,61.398531516501386,85.56093980541803,11.89381908822277,13.184519593534713,32.32285070181451,53.4072148506266,23.77847163787527,43.64909136210114,27.030203681605503
2019-11-04,28.668553474566828,23.306035687367146,56.09180853374477,11.547886852930374,31.19064854320481,21.232983182961775,31.153764864089023,27.169938297707745,80.31397509516428,35.05941909530429
2019-11-11,17.118058376425733,28.784478451232626,53.4334953601414,22.580073352984282,27.45453647543806,17.12129226170986,27.82382666871278,34.570274217117465,47.38276886500592,33.87296793391864
2019-11-18,15.373926153764767,22.498962576536446,54.338698442894916,35.78452423809933,35.173426142647536,18.589542504611895,25.712334148376748,32.25286691886725,45.08707525913891,25.43981680820905
2019-11-25,16.30659242871097,25.453713975999527,65.73162968011565,13.013667338551253,25.880191770104606,21.253387208100957,14.609546454969394,33.86815614035337,53.68528475172446,26.608088214187593
2019-12-02,26.427717182862292,14.252928074796115,60.368117917568554,0.0,6.145519667612348,9.672576455942952,27.13957245755722,32.742365759190676,51.93295519538238,34.47524067672431
2019-12-09,32.76291402239608,52.131164200845184,61.8534718425369,0.0,11.551107720579157,15.127396677909232,27.2204211517404,50.20305611676593,36.306606719790615,33.42976805092518
2019-12-16,20.359671181528427,33.46346999093842,63.23876360313668,23.340649139189754,26.04179798118948,27.55115825916521,38.250135134407934,62.4736539612435,57.264056692412744,34.14390438268795
2019-12-23,9.024842760760189,20.997450902346696,78.49869305032317,16.616808322840846,13.593116238207687,20.927660607281794,43.074391746715904,42.68198284523455,77.76473760402004,32.971532280001036
2019-12-30,12.852713734840512,24.036889931487707,79.11674168832434,0.0,22.545788426474047,21.163782499197957,49.948943038318795,39.85780139370011,65.15804804364075,53.534920166269586
2020-01-06,17.29263219148707,28.87424733869124,68.1883954852191,0.0,50.52549635265113,40.220098880653495,41.73974810909248,40.51212760191604,33.371592455509145,43.07499969244775
2020-01-13,5.95629230911657,10.330197068114261,43.48420051379225,6.850481618809358,35.33516231449725,8.172727959645824,29.402593652830106,48.47243994337114,67.94039963392163,44.477472139183114
2020-01-20,34.15563142253098,35.160610089684205,69.36689709924579,17.289850278774235,19.52088664432208,30.104307310060026,44.03221775000886,33.545572892566064,43.51836998586493,25.016727425322895
2020-01-27,33.190374256785994,28.40169036508837,34.17310155261128,60.954794898550304,9.032533078263674,26.360168697019816,47.751703027548864,50.404759633478605,54.16399511050369,35.211298649640575
2020-02-03,19.000583802043874,39.171416231231106,66.74333605458482,66.71375341043864,24.711779513764796,32.552256056777125,44.809437753649554,49.32329656634171,40.326935088377105,35.730429766684026
2020-02-10,15.178853140722742,25.358863830760242,71.46850213830449,19.575780723186597,18.498160405373618,18.70367274996648,30.727810818880187,51.19762056293791,29.595397593380945,39.668978092711285
2020-02-17,28.918605903391153,24.60006266884596,39.171940651752216,29.887594866387555,26.09846087466194,12.439331735102835,30.857610363477693,49.780855061548046,47.55737283677088,29.510082929756432
2020-02-24,20.341628108651417,21.058425995714806,54.641056944059564,21.42623493056685,12.730891543842915,26.690881817698433,44.04149577321097,45.84512112414828,38.54081593347789,47.15527834845807
2020-03-02,34.7931848196354,64.41341113303581,56.422028655527015,16.00991928247843,27.680928127798214,24.810276912133194,33.45760936145118,31.034862435828618,55.51221472046542,44.17677146680554
2020-03-09,46.8112883509765,63.79095705490299,58.71035149082139,37.250670209441594,28.404809587985387,37.78018962513837,78.70836556673227,52.51286987085755,60.15294547294955,55.4030779829493
2020-03-16,52.9081465891035,33.898764407483,54.569455574945515,0.0,59.473879835677614,45.61167171297388,71.63489345767616,45.07276276391718,36.46604681687842,83.74136974205251
2020-03-23,20.6257828898768,46.43168672352029,85.07673180194283,19.16095442941283,35.376489837718,53.19370060069756,68.56848823333263,55.058225872818575,66.0908945077031,75.18494142154752
2020-03-30,19.26329472178715,9.213167232662325,76.79890950216077,7.545452718025938,28.18550079730929,45.266507861274,68.5195559389647,47.10659864749487,55.880389696951674,64.41916023199008
2020-04-06,21.689568458819284,30.531584251488386,100.0,9.5590963000053,43.381163226821826,40.565975092333304,61.22213090585609,63.655114513018894,59.406697556763355,61.5821786454852
2020-04-13,41.7004698756256,36.79169383728119,72.41325074709589,7.825597523468753,25.652175608183892,19.545885777656675,58.05479934512001,42.20031484732468,37.653948677841775,53.27104033308593
2020-04-20,14.397238559652667,17.648902024881224,78.7852483204386,0.0,6.835351407410103,38.3643248086741,46.67103599705998,38.55797647235262,80.98986458318605,62.943934591153706
2020-04-27,24.921640162557697,23.07568533464317,44.04098354516653,0.0,33.13148260540143,38.40062972622225,51.06857776625654,44.02945725617723,63.26090592205378,42.23796206308785
2020-05-04,16.593014402339744,34.654178064210164,96.27777736168429,6.876065619306418,17.713002444561987,41.5909593377291,58.51009049969392,54.89420531899293,34.33115854440455,49.60081426167639
2020-05-11,35.065625773443244,22.915625714551876,39.47894275635313,0.0,42.12379282694555,27.987402422583642,56.79369331939651,50.89544496507682,57.041620691521445,45.86067131138914
2020-05-18,17.74276434991092,34.48310905226074,47.40190387740887,18.45757715860436,27.277464933336624,16.223387948446508,37.351985376350946,53.16453833861796,67.43765136448054,62.18778320436642
2020-05-25,44.05693297990323,10.574944317883487,82.02476089187145,6.5878801279931,32.65790557830591,65.94893854546777,53.6785784732419,56.693210849466055,67.71103993462468,56.2676757114367
2020-06-01,78.09674865716083,28.877634843878354,37.95037336069564,53.518074182636866,53.76645790635807,100.0,86.61064348843281,41.47608057319868,54.31943701555443,96.52286548484588
2020-06-08,43.992790328157206,28.79548784309076,45.20285806301819,50.698169099278715,54.49098917036947,67.01658806537532,66.8084472318925,66.37104050064237,64.3301297413316,81.9205407998819
2020-06-15,35.58018398266354,19.862636664662393,28.347850835474137,7.390852257879415,41.106135057826044,57.65353202070831,79.15853525249862,63.79445604832911,39.3768768951796,76.93535798398815
2020-06-22,58.06147492201803,0.0,56.11929567021428,11.724050970638704,0.0,37.46229898409835,57.235883905209036,56.777404270324475,75.93819770279488,71.88803252672629
2020-06-29,26.061093277963455,15.891633709064118,72.78683613322649,12.451367556197997,44.211547533799546,37.39894982874103,73.3148651188821,32.36211903544904,87.66899065642025,75.51243331241977
2020-07-06,29.268792663365385,26.82904108196916,48.75244350906626,19.683599010995636,24.74121562700221,35.98443188146737,81.49579918943478,67.57058317944542,66.34360949950924,77.5313088193684
2020-07-13,25.534915707675772,18.201912246678127,56.43985410097591,22.541880095099383,49.98394984554163,51.0183821948676,70.72353179457937,75.7299412971577,71.13456500402013,91.1961458918537
2020-07-20,20.721760701620475,5.014354553230409,65.82173056614513,27.57315653570704,47.784233939773586,38.514149377308335,75.08858192652214,53.81079640616539,56.993691145516145,88.31040018699177
2020-07-27,21.717436032111,9.651849154394018,83.53850071526472,14.598596169344155,21.575371395375736,46.63222914992303,73.54815173427593,44.316398306070134,72.48278461398188,100.0
2020-08-03,45.238518087472066,12.408431500410735,74.0804541743748,50.94377550405049,25.12349521679405,33.33099272197073,88.01168066009053,68.02515171663931,88.74250521837197,94.06029459405153
2020-08-10,46.32100799374255,32.98159737807099,54.14261854295708,26.357551026375276,32.36029542681065,39.84842506112939,88.09477463588861,100.0,100.0,79.06580661387703
2020-08-17,20.417295655114692,5.5588960120595186,16.44944089516691,11.546790395766214,24.01337036348726,29.33577265743601,58.373889119086954,60.398101044444545,79.78879794356406,71.64569843749786
2020-08-24,22.184194268159736,29.891345771123213,64.07708381704202,6.474762297223953,76.3537038168177,34.85803810464416,80.0588189558921,57.268137061573675,98.06653284100312,74.59536375230151
2020-08-31,29.809895916975414,22.67003158848587,25.296479100039694,16.55193460729473,60.91858867807809,31.35371039055899,82.95745896469509,74.92758843750015,76.98665042685576,65.14460765217343
2020-09-07,15.511941491321377,16.340478146357164,45.179415355348006,62.29356909598934,64.57932350223467,30.43061906371984,68.84872164612914,42.8606209715655,89.61050295793072,73.85409447731837
2020-09-14,16.32132917933303,8.052099829777864,35.975343963690015,11.913555317177646,80.66879109196934,32.2212121975364,68.19241284085834,55.838367615812224,83.76124552458474,76.57868280154132
2020-09-21,21.945761200402806,15.707861552663003,49.14018439599452,7.1814289395249045,21.67804039960336,19.226188795238993,69.13212814286076,49.09022222032384,78.48685009266542,53.16806158699696
2020-09-28,13.647837003980811,7.560911577645853,43.69046638255802,5.131602271128273,50.54642003579119,51.387766285884815,69.52169378107094,46.17971166363637,76.19890907867516,51.4001828910732
2020-10-05,32.749310867975716,7.016370118816745,81.86717796235685,6.694236472916594,47.19024826404908,52.55835182289103,66.39943485705071,56.473377746074725,70.81358819694704,61.95845174095079
2020-10-12,30.985718577185622,7.740449352563071,42.280758255503045,16.227200543842756,57.26207757877897,24.665973133343357,59.024835226946934,62.52277470001941,46.384049749210966,55.66791464536492
2020-10-19,41.86342432961955,7.559217825052294,39.07891878936765,6.70903864463275,40.917302066506124,41.29998572735897,82.18068430616809,37.805456246235856,76.70375396101373,58.18974060359522
2020-10-26,12.531906009760263,17.003582286735377,67.81286278151846,12.271731324136494,23.465000916223392,34.009362954278956,63.85172679784431,48.990082356732366,69.03258867819284,57.97084883054965
2020-11-02,33.25839002888781,6.4515036288649314,63.95335425451441,9.112107262749513,33.74632698388357,66.5040450598217,100.0,43.638627030264544,58.40417528268924,66.15361824974063
2020-11-09,24.778334709393167,21.164285532812222,57.59963150759828,32.98545184086021,83.35287076831504,53.640197659541286,59.83616124387859,48.803945605544804,45.7891480291595,65.92324452591161
2020-11-16,29.404162943118035,9.145417128919979,63.63751432401866,17.210539877233348,35.182783317716385,31.757160553473174,71.6332976376854,48.83090268730782,66.95591798245378,52.278842592023054
2020-11-23,23.45712833631532,15.458033045113101,48.0660140656246,6.176525948572504,19.931172778938038,36.10029214391605,69.98793300302334,32.53435010889617,46.36849580701799,71.33507066183878
2020-11-30,19.54206492105447,0.0,38.57119318139263,8.642823596489144,42.365000006498036,23.459413417351104,71.40754477713168,47.154912572203926,67.82932790879441,69.24868743532859
2020-12-07,26.142901137185927,12.620997450902346,39.55159268108181,7.2790136271351225,56.86576222638385,19.115849322634702,75.9026171262288,60.85826982045539,38.41380019864189,50.645928076513535
2020-12-14,27.14433891503508,5.525020960188345,52.76975965607376,12.731146875919425,54.14087486987679,32.88703980591243,62.669725197941986,61.237472431875226,35.05473378623422,63.282600880556274
2020-12-21,46.986617896838965,10.060043529441655,67.90296366754795,5.276882845379438,79.41486465236144,29.479491283385194,76.79223110293985,57.430971124124554,42.69401104963755,70.0550894430297
2020-12-28,21.992616510072946,6.9808013143520125,13.056764307166876,11.627928225914035,22.541954583911117,30.394415911883105,73.46071564361925,37.68709187666376,46.604876721599545,53.000360177860884
2021-01-04,59.632922656620494,5.167639162947468,30.664334878704587,9.23929629379204,59.13312271025377,67.69572154051916,77.53810994420382,77.96562307640103,54.9736289980092,98.74356361479148
2021-01-11,79.79704849335619,0.0,59.40764097455755,0.0,62.69924609760314,65.32796417439896,76.8513877788765,66.67520940384509,49.91152781157008,62.810559430713944
2021-01-18,54.1241174481238,11.299870427926592,14.288143082903302,18.748138307106686,23.875092109692083,64.30664349461418,70.50646316374282,65.34258986366265,47.701502783863106,71.9316366017253
2021-01-25,73.47923346224842,11.157595210067665,36.5560939805418,35.09211153893245,48.496159009595004,43.33677555852203,81.92737571670409,48.01739680966734,21.139806536263844,58.30609787269524
2021-02-01,52.274466312354875,18.986119697495788,38.60055273860257,13.545814548890112,73.67072880697317,42.00410268465579,57.54589977248431,80.73304278534997,45.01476649339543,50.07678554586425
2021-02-08,46.31902420038958,5.1947392044444065,69.6373495509935,0.0,30.94359312923428,33.57790177929714,35.74499464565281,42.10012752408222,28.305834386109307,45.279226690614735
2021-02-15,27.219723062447926,8.94301369398972,66.148505433765,15.010133091625445,19.127235487606292,20.896011471030988,48.480992763327464,43.338682036000044,44.138918645080985,60.32639153725551
2021-02-22,14.198575825305268,26.671522090768203,76.2830950365871,7.9438321543373105,36.25372500042237,28.819464320559955,51.40548134477153,45.47825802198616,34.465390528283066,39.23221972079723
2021-03-01,13.942383083721749,5.716415003260473,46.6379562153134,5.189349015107352,20.854608993544847,20.641215571069736,75.7679930095662,52.6493163674573,45.794560215941374,45.56020984631955
2021-03-08,16.42807615499283,11.281239149397447,30.57797883415595,0.0,33.56366712889379,24.332512338456475,56.565212720021364,57.798641040353516,35.79722730258074,46.59826704557104
2021-03-15,45.85783947899918,23.18577925322448,42.915658680168065,5.2039684439628155,11.478914515707709,26.840909917755496,60.697570030055225,44.26590123741548,35.47785952401036,46.995641642848454
2021-03-22,37.1217803506213,5.359033206019596,54.09693147689059,6.559737727446333,31.020984764699538,23.308189570184883,49.49485802676116,48.3256947025063,38.477429962158574,42.7439880369008
2021-03-29,45.805032789270136,5.9721716448878315,20.75151478837901,18.448074529848306,11.934556957254605,24.439773398290388,65.33071792044615,55.84002870359692,32.51466288171154,53.19187980037808
2021-04-05,25.440732756584776,9.744158670742964,25.445898275126016,11.888519545262666,9.735620816075627,44.226793029150535,47.29338723741107,43.06521952698864,42.70298260250121,35.568964833791924
2021-04-12,27.86700649361691,0.0,41.75550678939761,17.273768907033222,12.039695216014286,17.37835244875015,33.81997183563277,44.26020607929653,22.427858231911717,51.285277952057385
2021-04-19,23.240422529090914,7.645599207323786,31.926571148243294,5.825476913180695,13.64224140731913,34.16358888993199,52.762318013894394,55.40387451098761,26.304934305316575,53.52629161694572
2021-04-26,28.71880957284206,10.31580017106901,32.90195256034812,6.271186750411628,13.14033293348738,14.072544196212434,48.76220964658339,43.55353187603729,29.318985999989273,49.04149631689091
2021-05-03,31.341195452767767,31.158272711105088,25.17507133923021,0.0,26.462156075080934,24.48455031131403,34.5749245835884,24.138215792388706,31.073217135470937,43.66517537996372
2021-05-10,17.175871782712278,14.989710452994132,48.25610221919306,5.701577253630644,19.709654655259577,19.193165821884055,27.486013843923978,45.505452402004124,12.971305170783747,48.56320130456832
2021-05-17,15.54679957452356,18.732056808461987,31.886950725375797,6.358537837823021,23.846825643338278,17.43691861567085,38.21296737346029,19.24332230845641,31.568456605232658,35.26411220599714
2021-05-24,29.4579142963485,12.117952930615425,34.851217447965425,6.158068919642482,44.09497272773349,16.320904941412206,31.13415112303976,42.72132689590627,31.001298437243257,32.48800887937527
2021-05-31,37.349727653512545,13.407745530610343,18.968895346659977,0.0,18.726956331883404,20.699705413706877,38.409346012556135,17.276641831031302,21.224012361239573,43.45530513967656
2021-06-07,27.130168962513864,4.581600765576172,28.674475909434754,0.0,19.45402183080928,21.61460460077693,42.048298048701824,22.41305747885791,44.65887864365723,46.50518123029103
2021-06-14,26.906944977129697,10.768032113549173,25.820157732723175,0.0,52.92372732672006,12.240939480694662,33.229073093936826,16.64751669749171,32.27140702716381,49.120656849598745
2021-06-21,18.062249546089188,10.074440426486902,34.2607308432634,0.0,18.466644919898684,26.362967254083795,19.03833660631065,26.919019122917177,42.8521346688595,31.51575077605685
2021-06-28,30.234144295460514,11.537842667321584,25.891833998666836,0.0,0.0,16.253459716170344,21.88854533399863,21.006685641035133,23.190781534398834,39.76013316329111
2021-07-05,22.582086534955383,0.0,6.1039418201427535,0.0,26.11581063676876,13.447575520970478,19.061475996176714,16.069315769465696,24.642417794490004,37.40187374501595
2021-07-12,22.816079684255673,4.839051159797089,13.263779144228824,10.133274368303615,18.03407051411179,15.397482876010946,22.39039360900072,20.048380368220446,38.20077457656952,27.969143624168414
2021-07-19,16.30678136141125,4.6095476833698905,33.559322033898304,30.395071790532825,37.458331329771546,10.633193888867263,16.0391228259968,27.819755839079512,17.15336528311344,16.25992881190514
2021-07-26,18.05979342098551,9.999915312370323,8.671554933079682,19.295635917743784,0.0,10.889872454489739,18.683062541855485,11.804069475233893,17.97201948192208,27.626274120639767
2021-08-02,17.485154613075277,5.963702881920038,17.941835122119283,12.271183095554413,0.0,14.081067074543638,20.147153159194733,25.82796920628005,25.17954076376195,39.781678907246345
2021-08-09,16.588480017532955,4.809410489409812,26.795988525805704,7.558427461135161,14.212509243459401,18.20675078111544,17.53303300990763,20.468825416351653,20.05527256699044,25.613857211006817
2021-08-16,16.886804751279545,0.0,28.79633305122194,17.794403317148408,28.780851061064666,16.382447755391865,23.982632282807508,21.166861963130497,22.0685085329707,27.413567565129316
2021-08-23,18.771786302001363,10.602044359380425,16.608596658103465,0.0,6.536766550178501,10.861988649561377,13.6027324891693,19.909940566279065,16.86159478128671,22.795106638617902
2021-08-30,17.428474802990426,0.0,37.04007729352817,0.0,8.851692673981724,14.716466735205874,15.2680448737159,19.083051067059063,12.664175760521951,9.98206970364265
2021-09-06,32.34820674527526,0.0,6.004329036751875,5.1383637569739244,26.996424779359113,19.9442985378557,13.198971475459906,14.127693987763953,12.301364212378111,32.38501304705002
2021-09-13,43.877730313684964,12.08577163133781,5.204655586929005,0.0,33.87355857266691,11.436023586238935,12.823137311588864,15.450869057399125,23.42267667254856,20.662095073286284
2021-09-20,16.841933234962376,5.460658361633116,20.72979470779002,0.0,38.896282212400074,11.559796132750318,5.636454763420614,17.667899193802906,5.263522299916087,26.512798274426824
2021-09-27,24.57173680163389,6.062787408643219,17.104863051147046,15.580473559849201,27.29949328297787,21.569598714902597,8.868528370061007,19.217551717968178,10.817108556277235,12.949299669347155
2021-10-04,31.584351838031775,6.470981783690856,19.893871192432425,12.718903104252973,26.86425468151165,17.484672175753456,16.716492743936396,18.0516579317179,17.67903001910843,20.25310183533516
2021-10-11,42.89244628170999,4.820419881267943,18.178658897368873,0.0,6.3090103097874755,6.2371950113430605,11.399127754482723,10.074734712415871,26.969901902895614,21.180867379367754
2021-10-18,17.634600378998996,0.0,12.402765190949468,0.0,5.990346514387306,9.80950222065503,10.74742084872016,17.907760269912526,22.21829445904218,22.08775354266023
2021-10-25,23.372486486588613,9.440976956495966,17.02756952298209,5.824563198877228,5.881309432682273,6.496137864044571,14.264849336964627,18.98960301425735,20.34197219111163,11.653582026919707
2021-11-01,12.608707152425236,9.191148448946063,10.835324340720657,17.49744616852181,5.821722422000798,6.601465375361555,10.481457035608496,15.226100150304713,27.62492277882148,20.634774181466764
2021-11-08,25.34551067564223,0.0,19.53226929904057,0.0,18.254938833966026,10.695856125672512,9.245104775788219,14.312596788025742,29.687843594628184,19.505971981306292
2021-11-15,21.864992471031893,5.824815169248228,26.284218489031357,8.651960739523808,36.082826594651074,17.416361941964542,11.43338221614491,17.58683810990991,27.18712075076295,29.088787601680195
2021-11-22,26.682020597442985,21.515739195975645,26.361512017196315,0.0,20.240284458122094,9.636882132663308,7.3853435809718135,14.423462532741226,31.676749099309724,17.800611823948888
2021-11-29,11.336812214121208,5.67068368323439,21.333313360845434,14.204237075968035,14.955429955696376,5.009849648793809,4.059821724639776,7.753435722784381,27.249434036413778,12.691741743588903
2021-12-06,28.345006225332476,14.051371516162634,28.481466779511223,0.0,18.62883595442536,10.85351665408588,16.389943439314955,11.457661482648989,15.634003550589561,22.036306885206464
2021-12-13,21.7521051826129,0.0,5.903742594575972,5.206161358291135,24.03747808536603,9.51003117338155,6.769746741511861,26.705308314503718,22.520109199401052,24.12998593461029
2021-12-20,16.73962617775922,13.433151819513721,7.565328759633605,0.0,18.685368887132974,16.070561291325465,5.711773755775337,20.012928008930007,26.477295388865617,20.794769698038362
2021-12-27,21.51575037455908,4.896638747978082,29.634503471468054,14.807471259116584,11.615308338412634,15.364816082645968,14.90172996165022,12.193855588824771,21.393545455298995,23.299355643857226
2022-01-03,15.519120933932124,16.60978480873299,16.804451867552448,0.0,13.433329477830643,17.524004623216268,4.987197255783409,30.298715789303827,24.78006286913186,19.199547419773285
2022-01-10,20.43987311279849,16.874010213328138,9.628361931439443,11.473145022906818,13.480310294322145,14.410050178128156,11.752323541740619,7.642854735974843,38.45173426455452,20.84431978326451
2022-01-17,19.15456395277438,0.0,16.27687859972887,24.415542645787685,51.93160684789262,17.40781362220548,11.944619850627538,9.595060019847626,32.008550279946576,23.89299983733903
2022-01-24,27.427360100058756,8.561072484142242,36.21478912797621,6.053357260465226,12.30617976432915,12.851559190626768,22.886545177756716,15.847821578289679,26.107608900755608,12.894692058180684
2022-01-31,37.79579775888031,0.0,33.20161477564655,18.867103909418017,0.0,6.605434238106832,20.907802613396463,30.941366923375917,30.382212531211493,25.321990122788527
2022-02-07,20.832191864935794,15.467348684377674,24.119924803583064,10.645685349687602,0.0,10.441365522845512,12.777934782548186,25.090351310574533,24.468740233075092,18.553123842407494
2022-02-14,31.37860412742377,5.032138955462775,52.13673165214916,14.45167090934675,34.49054730376899,15.634062713628488,11.834489715218501,21.24725861190962,11.99155308794511,10.242310168497628
2022-02-21,70.32944194948317,5.377664484548742,56.57227169573912,38.88969092699971,11.79738336996061,86.37252814267146,39.95512034616676,15.29097749320971,25.357704101608686,57.48079848766305
2022-02-28,72.80483818858883,4.767066674570845,31.2421639192013,24.687646765359993,5.870587669582553,94.53932824962722,8.125284487386434,41.12720467876223,28.528075353242706,65.2742580131031
2022-03-07,34.92949976288946,0.0,42.53885273036392,6.447716353841345,14.78433660877781,31.263037141686112,4.355122647116511,6.394570995603813,29.707298211979268,37.638483945088936
2022-03-14,21.562227818828656,0.0,12.986136596837856,19.520044150675144,20.51833551450817,32.22215353036702,8.267702143538813,17.15030424009268,25.262722661508676,25.694487160035155
2022-03-21,27.33686133662328,0.0,28.58886883318229,7.848988609637493,18.42297810291073,8.973674991356274,10.92375895769945,34.38613077127153,11.52776281164566,21.03616404427112
2022-03-28,23.093338421920727,0.0,43.76536321217523,10.627045577896887,0.0,14.790526731689868,19.391996294728653,20.433467976363197,26.99745042119978,23.17580506928127
2022-04-04,18.987830844774784,0.0,28.809814480553037,17.305566164793856,0.0,21.088017927047723,13.68977890285149,9.015008165432953,11.29055300359301,22.148238819108702
2022-04-11,25.796965362968056,4.876313716855378,28.82471894964686,16.66139758085001,22.578733480362278,11.412032319772289,25.767501274336485,2.4356767485203266,17.017719304490118,21.617506147627815
2022-04-18,24.810358802091105,4.524013177395178,35.29992435420209,5.306121703090365,12.974697938692309,18.117807549336653,9.673471107029606,16.856006944296134,34.66534888857575,20.177050997631163
2022-04-25,47.47141920576471,6.797029157950899,24.512084603458735,5.94133588686024,13.091727607435317,12.782562038285786,19.01061387298275,20.724775314147294,19.705772072823656,23.164015566244707
2022-05-02,38.444025853550706,4.865304324997247,42.78900814128538,0.0,6.079044736394082,16.040922027875155,20.973825026502674,33.12237518467737,24.13801173810672,39.06679078108704
2022-05-09,38.394053154325896,7.088354604042987,32.988009017578285,5.50969724990269,24.218708371942512,13.243967773852166,21.078518240315276,36.42257693565373,6.847488964746186,21.970046460893705
2022-05-16,26.143090069886206,7.247567347837501,12.930862736580362,0.0,6.956929702922688,18.885171896279367,26.54546351983335,15.808240229363001,19.612009593710553,25.662108742275315
2022-05-23,22.915836150005006,0.0,12.905397814510511,27.382372989143246,0.0,26.98109218523293,25.75761090160304,13.786506556788083,37.34521023907726,26.662234496974367
2022-05-30,66.75785818333651,0.0,17.116621853396946,0.0,0.0,16.21420359299109,34.0866593345542,27.142316780830853,13.782840637428832,40.52882584751149
2022-06-06,39.32889215532535,0.0,20.994105619509128,0.0,5.774546664362029,14.616838103728263,9.661149892217205,13.658840095621706,20.521403248384754,38.90802547352795
2022-06-13,33.83302883679804,0.0,7.992015997962806,5.740684225819008,25.40849917409934,12.456835437466623,13.373806544680455,14.119625847095445,14.196507237946548,14.234492190223119
2022-06-20,34.97295428395451,0.0,0.0,5.977518973277512,8.356542159921919,10.660136360965014,6.493558546831471,19.694236452523974,19.62527188924813,15.735107978178824
2022-06-27,23.953454539958322,4.894098119087745,8.061370462188336,0.0,13.640032074316762,10.994945551528177,10.94315002619186,9.794770231218672,8.492842504877062,7.91251641987307
2022-07-04,34.692956022135355,0.0,1.4632593602312813,10.330819400713063,6.685636606308555,23.319078501306546,8.676157836988473,16.228637817843214,6.785175679095355,20.547395169105897
2022-07-11,41.99350449376428,5.404764526045681,32.14549458121438,6.30408046533642,16.092521667708517,14.038300034320486,12.755166513610211,30.903968718394836,5.7035184577510565,16.40828860156674
2022-07-18,35.001105256296654,4.850907427951999,32.16788873326992,0.0,5.988592044061898,7.048980091319461,9.375145548988984,22.32302652092757,9.32217480193103,12.406384511395153
2022-07-25,21.670864121491284,5.176107925915262,26.379562153134057,0.0,24.14242140297844,2.236225184113253,8.54938292795485,16.10453083050118,16.30530974530054,23.27738274399487
2022-08-01,10.788812916950853,6.1542500486953875,40.69758907105462,0.0,12.607883679917034,18.29571945432208,17.6952128554805,5.4348893929103825,11.516255819929231,15.574446098392118
2022-08-08,34.05757535108419,4.944063820597725,51.645708037178785,8.945994002379312,6.956344879480884,26.765679615590205,10.82487378641137,7.4720474520574465,8.132761429343901,10.741074491889506
2022-08-15,17.358947569286347,0.0,26.936794565486043,0.0,14.333827617442294,9.216844158788092,6.8128524373088615,18.11700987113281,12.408925329863033,20.453455042011637
2022-08-22,22.722085665864963,0.0,12.644532156953797,5.655160567014548,0.0,9.123677649985487,6.435292561122225,10.611598284428537,8.536432549768957,10.533869704462788
2022-08-29,45.77622055247701,0.0,22.750960551839842,0.0,8.3014387956276,18.815386059674903,8.794192848165707,1.492795862277788,14.401341442186874,27.484748825492115
2022-09-05,27.79540100020971,0.0,48.40799298965675,0.0,0.0,15.694791401916808,10.720774366083702,17.209154207321788,11.935968466942022,20.173514146720194
2022-09-12,35.36716236309464,0.0,80.41912265853787,6.623332242967598,0.0,10.343644998456977,3.8781209182496674,20.69886234470609,10.772250791958953,14.93743703721929
2022-09-19,39.8219120367134,0.0,53.75585131481384,5.514631307141409,6.417982411110086,17.79765262121759,8.703249664738632,20.0037682962887,5.177317378921824,35.601497027678334
2022-09-26,20.374030066749924,9.477392637257475,59.01847704786657,0.0,5.847389673057704,14.348990751277732,11.172614096026427,13.178975564449495,8.04533754736273,17.996437178009877
2022-10-03,21.90495173714171,0.0,25.663548461993603,0.0,18.127317362888142,6.894779597094283,12.43873025427907,24.688795203537833,17.520711366128587,22.56635610723595
2022-10-10,20.897279180183226,0.0,51.74577020154737,0.0,0.0,13.141286171032036,12.516647093130384,13.6772544402063,14.368380737100834,19.304405651853585
2022-10-17,32.65361645528246,0.0,22.271620842289746,0.0,6.001783061693675,4.7677744627597285,16.577452288229587,18.653066629078623,2.6516789724841496,22.112699447636153
2022-10-24,27.973470070226288,0.0,14.248822247354271,0.0,5.789037289642257,12.493572859288296,7.864831820056822,16.992311061942914,7.681209521353027,21.9006763415771
2022-10-31,18.435863960898487,7.57700222728466,21.183145217462947,0.0,15.147122083842888,9.975609303116041,9.400919897444442,21.19049686932412,5.042987878164362,10.778288314517969
2022-11-07,45.40355080116912,0.0,36.610394182014275,0.0,6.50382149629027,26.999893400417292,3.3972038635915336,14.263001452739918,4.327506537287773,14.29316632562539
2022-11-14,30.67199582836598,0.0,40.10904978392264,19.56152678005252,0.0,21.99742176570124,7.795135309762577,13.698184146293425,8.80811457453142,14.479918888219109
2022-11-21,18.822514732027305,0.0,50.59595407326408,12.169395322148253,5.954672284437328,15.021458572323745,7.4036583987727775,22.540059504910413,8.149241781886921,18.656991072783267
2022-11-28,22.759494340520963,5.538570980936814,33.886171798347775,14.657439370487394,6.208680599327064,9.24154778523466,5.0854886335865555,30.672318161906702,5.48137500749661,16.993492194323814
2022-12-05,24.504193361282777,0.0,53.992675090063436,0.0,7.528367185946563,9.029951429770083,11.638612089375568,17.682848983865142,6.613009629304212,16.170858262152073
2022-12-12,45.88202286463539,0.0,49.997753095111484,11.359113477834205,10.341887784077986,10.090731764156946,13.882965901965811,10.65654257391722,4.66574383193551,22.601246201729673
2022-12-19,38.28673938056525,0.0,15.750728371668027,0.0,0.0,6.414496322059982,12.382189980885416,16.870482137848455,4.071329696278805,23.01673220946906
2022-12-26,9.529009671464927,4.300437835045435,34.00675569403147,9.779666932862101,0.0,12.662834678803245,12.260295312056105,23.950845090275376,7.324882845659548,15.460651764734829
2023-01-02,37.09863609483666,0.0,43.418665787877195,0.0,6.1759304865860996,6.766656566419808,11.629686631055138,25.84851923515925,1.7204415369245225,23.50686798353707
2023-01-09,20.769938540192598,5.042301471024127,24.303197345656358,0.0,0.0,6.120215326068788,9.03467920956438,19.231599774661575,10.28295985181335,16.73490909438847
2023-01-16,12.726506691051581,0.0,21.66166106188725,0.0,6.906050063485833,8.222058888255397,8.11409519140469,23.361064007407503,6.513932480288181,16.049118828622316
2023-01-23,18.059321089234803,7.848002642254046,33.44113483676236,0.0,0.0,7.348934525722174,5.56306559989193,22.479026393735708,7.373738802014894,12.980652912929907
2023-01-30,11.816795739189743,4.187803287573784,18.876247968423495,0.0,0.0,8.816574174355702,9.76114842628954,15.338104926643991,3.3238628191057016,17.99385715633086
2023-02-06,13.981586619030434,0.0,23.029951242163918,0.0,0.0,7.986344059184902,6.209725261032544,31.479464446314353,13.985773262529577,14.052933843460004
2023-02-13,16.462556372794445,3.768599520668016,62.20368941782694,4.83702077969069,18.686603514399003,3.9806930092298956,11.996149991492052,15.458082924349792,4.9821861041373,18.473245687775687
2023-02-20,35.831370007689564,0.0,40.190013256738844,0.0,5.510141488284686,18.749670851527135,5.123806869411267,32.39125926115764,5.329053642572359,13.396121834433004
2023-02-27,28.34207776847809,0.0,22.513912086101396,0.0,0.0,7.066025847981871,12.577659373707457,13.741562267299399,4.077229467455449,20.21629808237753
2023-03-06,10.906990320977766,0.0,5.740916886988174,0.0,0.0,4.462935274208982,12.760993112181135,18.954672711127817,6.096023895536018,18.295002070851837
2023-03-13,17.23708597760392,9.01838568440308,33.06065894230697,0.0,13.789681895035887,4.323338159572197,17.247993581092427,14.582594742514782,0.9588834707427422,23.25166795838613
2023-03-20,26.62364039305559,15.048991793768685,6.316349228937139,0.0,21.1936766290257,6.837078438720632,8.91939049325497,17.650244203634173,9.488928664940293,17.110618344056654
2023-03-27,19.159948534732443,3.6695149939448344,11.811080236973568,0.0,7.906358070498516,14.203592991090158,3.6611079555523314,20.747698325576053,0.0,12.844287661140294
2023-04-03,22.067717258435373,3.9252716355721917,48.24688990915015,7.150362653207046,0.0,18.87049219240741,8.790611531209693,16.057118639160954,5.263571058355563,31.354268756928466
2023-04-10,15.169689904759027,3.399361455272228,15.160241766966005,0.0,12.668445396334846,8.956883648972408,4.847266109849198,7.25871632085192,2.7243290473039754,14.74101366488833
2023-04-17,14.46903298576014,0.0,33.66178089681463,0.0,5.025387835412489,6.380150394456619,12.357825891956677,4.687210051194725,2.201443542359138,19.267533553950816
2023-04-24,12.83514299371421,0.0,38.27452683927889,9.144818234813613,17.29329415449476,7.8903789933183175,7.059647854484968,2.4062517649057713,3.1278538924106027,11.614967132915883
2023-05-01,14.827532784546815,4.072628111211795,21.765542964566308,4.810888550611549,5.422807854308784,2.18864971402563,4.297135002103328,5.761269412776993,5.097987397893733,11.36865195063308
2023-05-08,13.346111481629128,3.4535615382661056,10.672348839473624,0.0,11.494509807489118,3.213176013720053,4.436119789670926,5.046005012688338,11.007315228674642,7.208460967518382
2023-05-15,11.367513777917168,0.0,14.2180396503816,0.0,0.0,1.1219415269487052,1.9245032407207243,0.14275863018158538,5.353822929826366,7.737262894299075
2023-05-22,20.897184713833088,0.0,13.539549270879364,0.0,0.0,4.624971728213296,3.8996830441713697,2.082197267937731,5.581329808423216,9.395858022944765
2023-05-29,32.43218733055098,0.0,8.505508661818345,0.0,0.0,1.3212751141874886,1.3336416111175955,9.5854731703474,10.012496788037799,9.624728157980709
2023-06-05,39.367528892533194,3.525546023492349,12.186463147014987,0.0,4.5145770491888495,3.3318348332327123,3.464024186693125,2.8632407443002146,7.4759852495968895,3.009245020729022
2023-06-12,28.385815688593567,9.981284033841177,8.995858205322168,0.0,6.937435588195924,3.751440302834404,1.9606875312089507,1.9370181955555936,35.576936673026395,7.940315726308567
2023-06-19,27.244284313484695,0.0,0.0,0.0,0.0,5.90597306210736,0.0,3.5514056836728836,6.191590436909749,1.7638634303968244
2023-06-26,14.892242234393688,0.0,6.679748646239806,0.0,0.0,3.056838439555111,1.8411680363193783,0.4521006353423478,7.1516928686394,2.098018953420186
2023-07-03,0.0,0.0,0.0,0.0,0.0,1.7551023419597582,0.0,1.1333364656702987,2.808047287884942,0.22774244344114067
2023-07-10,0.0,4.555347600376013,0.0,0.0,0.0,0.0,0.0,0.0,5.1737580128400475,0.16653954506870716
2023-07-17,0.0,0.0,0.0,0.0,0.0,0.0,0.0,0.0,6.154631539786643,1.6693252850325937
2023-07-24,0.0,3.3002769285490468,25.43316581409109,0.0,0.0,1.201853051839199,0.0,0.46780977982044114,6.184325429427766,5.206347058365216
2023-07-31,0.0,5.243011153360828,16.12843308342758,0.0,4.5121727750392155,0.0,0.8177464089875097,0.0,5.916982905778704,0.6214605861535875
2023-08-07,0.0,0.0,30.227911052525148,0.0,4.797371673491773,0.0,0.0,0.0,10.138488595644798,0.0689258771731984
2023-08-14,0.0,0.0,32.46433038489481,0.0,0.0,0.0,0.0,0.0,5.489030082494404,0.2610776904329379
2023-08-21,6.8067728594397385,0.0,11.771759401424537,0.0,0.0,1.4669272886536067,0.0,1.0075683905435695,7.496805103253309,3.112394629180831
2023-08-28,0.0,0.0,6.7764404532756135,0.0,0.0,1.5657672358677321,1.6365134005272515,0.0,1.8929488957920004,2.4905581458289765
2023-09-04,3.6957125502324812,0.0,11.883280780724553,0.0,0.0,0.0,1.0604780520010932,0.0,0.9868220565627153,0.31683007943049524
2023-09-11,0.0,0.0,12.040339432431825,0.0,0.0,0.0,1.8423185111964402,0.0,1.8407773655522601,0.23811378886606166
2023-09-18,4.068098902489944,0.0,0.0,0.0,0.0,0.0,0.0,0.16027124139734503,1.7881182509177558,0.4931771241267225
2023-09-25,4.020393395668529,0.0,0.0,0.0,0.0,0.0,0.2197963696579694,0.0,2.6356374458964167,0.6348732816372168
2023-10-02,0.0,0.0,2.984264176097426,0.0,0.0,0.0,0.24865102181652932,0.0,3.471552132279696,0.504180660294184
2023-10-09,0.0,0.0,0.0,0.0,0.0,0.0,0.0,0.0,2.045075226958346,0.5196437041319988
2023-10-16,0.0,5.78416510700282,2.1563546215088714,0.0,0.0,0.0,1.651673690439498,0.0,0.33243504035004656,0.49744868319794194
2023-10-23,0.0,2.4305349717566758,0.0,0.0,0.0,0.0,3.13476569929667,0.0,0.359788524896303,0.620691705520768
2023-10-30,4.77092854754208,3.9837061000499654,0.0,0.0,0.0,0.0,3.9922777157284206,0.0,0.9284094460699965,0.4611233448562911
2023-11-06,0.0,0.0,0.0,0.0,0.0,0.0,0.0,0.13544984392893772,2.062823298927753,0.6013671722825709
2023-11-13,0.0,0.0,10.485406352749088,0.0,0.0,0.0,2.449082672567984,3.2588643949630125,0.0,15.780728229059452
2023-11-20,0.0,2.4745725391892006,0.0,0.0,0.0,0.0,0.5440447245252853,0.0,0.36832125180467173,2.114045843055402
2023-11-27,0.0,0.0,0.0,0.0,0.0,0.0,0.0,0.0,3.612805331442806,0.8388487704060921
2023-12-04,0.0,0.0,0.0,0.0,4.098377699772439,0.0,0.24748199089306352,0.0,2.408813185452237,0.37265081337319206
2023-12-11,0.0,3.5492585598021695,0.0,0.0,3.844174443735436,0.0,0.2415626120901178,0.0,3.7138328180378917,1.1618298948991432
2023-12-18,0.0,0.0,2.441262161372709,0.0,0.0,0.0,0.7868505917244858,0.0,0.0,1.1763702819775745
2023-12-25,0.0,0.0,0.32655017713100204,0.0,0.0,0.0,0.20966476832126602,0.0,1.9222527179173123,1.5273215752689715
2024-01-01,2.57827009440967,4.131909451986349,0.1986263921448205,0.0,0.0,0.0,0.41829039804389584,0.0,1.298534760135295,1.0375616983992249
2024-01-08,0.0,0.0,0.0,0.0,3.43447313256128,0.0,0.6325756219198122,0.0,1.2823957166686089,0.7619777933604253
2024-01-15,0.0,0.0,0.4899001625261203,0.0,0.0,0.0,0.36217691371753874,0.0,0.4495040535328659,0.567553510674797
2024-01-22,0.0,0.0,0.0,0.0,0.0,0.0,0.3693952157687798,0.0,0.6012890756228769,1.0612090494174962
2024-01-29,0.0,4.515544414427384,0.0,0.0,0.0,0.0,0.0,0.0,1.1034522437902472,1.029257787564774
2024-02-05,0.0,2.9191825949983485,0.0,0.0,3.187417718590758,1.8398477381425773,0.0,0.0,0.0,0.6873280270317926
2024-02-12,0.0,0.0,0.0,0.0,0.0,1.4525528819159024,0.2079019439128653,0.0,0.0,0.599248478983246
2024-02-19,4.080662927058752,0.0,0.0,0.0,0.0,0.0,0.0,0.11964578014886193,1.0505493369583607,3.6640237676381213
2024-02-26,0.0,0.0,2.7173318753417166,0.0,3.688351486686169,3.324660350577788,0.8474917513734722,0.8323473590839908,1.1511379975981593,1.1144497616811764
2024-03-04,0.0,0.0,0.0,0.0,0.0,0.9851175279480446,1.5143960591410888,0.0,0.7155300993160654,2.532675718271201
2024-03-11,5.86295955517685,0.0,0.0,0.0,3.861264284312566,1.0951771448459355,1.0280977510257319,0.46102304972869695,1.8191773768642179,0.6918558796472853
2024-03-18,3.768168240790948,0.0,0.0,0.0,0.0,0.0,0.2859115629962003,0.5068216129352228,0.5182534531945798,4.274344127733968
2024-03-25,0.0,0.0,0.0,0.0,3.175786230137122,1.9236263600669312,0.950533477056098,0.0,2.1039266634063525,3.219542416923302
2024-04-01,3.7055370506471887,0.0,0.0,0.0,0.0,0.0,0.3462929379955276,0.18414344584592793,3.3324930628930236,0.7720074140596487
2024-04-08,0.0,0.0,0.0,0.0,0.0,0.0,0.0,1.657385931915334,1.3369564104426923,3.8274536177029814
2024-04-15,0.0,0.0,0.0,0.0,0.0,0.969089428399808,0.9171697056213131,2.3484933696494585,0.0,2.5428420288607034
2024-04-22,4.372563948995728,0.0,2.221290172786986,0.0,0.0,1.2314159910059463,1.826954104773747,0.06155516733561045,2.6728401352169042,2.8403304888167167
2024-04-29,4.7338032719365035,0.0,0.0,0.0,0.0,0.0,0.0,0.0,3.9644999553860276,2.4847829979646874
2024-05-06,0.0,0.0,4.9962177101043315,0.0,3.5690475045583736,0.0,2.639300704257629,0.08390866295247439,2.088665271850241,7.934472233499139
2024-05-13,0.0,0.0,0.0,6.733343445104959,0.0,0.0,0.7235930295325046,1.7457083424099917,3.2936325866303386,4.776542784619107
2024-05-20,7.940841392887439,0.0,3.9992660110697513,0.0,0.0,2.3211486702910524,0.9210293632733905,0.7288378602721431,1.380936522850399,2.588376848559904
2024-05-27,5.525147887071146,0.0,0.3463978369795606,0.0,0.0,2.88299716302638,0.3706941390170751,0.0,1.7386284348492171,6.0819824954926505
2024-06-03,5.190075743119543,2.820098068275167,5.476231491120981,5.738308568629995,0.0,2.8395940871068692,0.9235529855843642,0.0,2.5559173973525144,4.515960595038431
2024-06-10,0.0,0.0,0.0,0.0,0.0,1.0101010101010102,0.0,0.12377476978509795,3.190703520895673,8.077552376148708
2024-06-17,6.358530028018719,3.910027862230164,5.4601286727532825,0.0,0.0,0.0,2.869210119205898,2.062406593474393,2.767724058437965,6.0819824954926505
2024-06-24,0.0,0.0,0.0,0.0,0.0,0.0,0.0,0.0,2.5599155893895786,6.374618464343759
2024-07-01,0.0,0.0,0.0,6.942401277738082,0.0,0.0,0.0,0.0,3.883658462734169,6.710414266050469
2024-07-08,0.0,4.891557490197407,0.0,5.361675532741125,0.0,0.0,2.1962565403105057,3.746180091340844,2.5292952893984038,10.562779616256803
2024-07-15,0.0,0.0,6.444872188560257,5.890898857308892,3.4952947705087833,3.356869198241387,0.9626691314044571,0.0,2.3445008037828745,10.905837068384585
2024-07-22,2.716474364666562,0.0,0.2619891100009737,0.0,0.0,4.317715604016388,2.482168103306706,0.588736970546066,3.044038134950683,12.278869930001107
2024-07-29,0.0,2.13412826788391,2.5307638727652657,0.0,0.0,4.105966599984684,5.355126543886255,1.0718762176366707,6.3356716255624885,18.878035711600734
2024-08-05,0.0,3.2655550003810943,0.0,0.0,0.0,4.194197471783548,1.934931738799895,0.10621469891834709,6.537629081873709,5.98047316572419
2024-08-12,7.091966770516674,2.722707294145544,6.728880966468689,5.196293243813697,0.0,5.784566568386431,2.4849886223601474,2.343177888738442,4.555696034037291,6.027067332073052
2024-08-19,4.784531701962444,2.9395076261210527,8.484312859036677,0.0,0.0,5.403097799138401,7.23366645766373,0.15452862362740757,3.9356349592160034,20.33699525549391
2024-08-26,7.944808979593379,4.263175277987145,0.0,4.661222147703745,0.0,1.6401325294859788,6.6143398528765305,2.1000895563614206,1.8573552349742335,13.136513560320564
2024-09-02,4.308232364549424,2.002862441883114,2.3769257847315326,0.0,4.54570265236925,6.381676880127879,5.421334517456508,2.7668501931370497,2.109241333309279,15.895308529585844
2024-09-09,0.0,1.78098085212693,0.0,0.0,0.0,0.0,1.1806841206076215,0.0,0.0,8.049155051443242
