date,YouTube,TikTok,Instagram,LinkedIn,Reddit,Artificial Intelligence and Technology,Personal Finance,Mental Health and Self Improvement,Sports,Gaming
2023-06-11,13.740825001589583,5.843660629170639,35.51797425638847,5.043967161129849,41.83246873510928,8.015226941230633,8.308457711442786,8.402662229617304,2.4291756581786794,40.127980552675794
2023-06-18,24.608196745463484,14.039289980813555,77.80649567662846,8.28022240185477,100.0,15.251573680066432,30.845771144278604,12.136635020064599,2.9244712990936557,70.77181567940514
2023-06-25,19.66844971410759,9.72595962399392,44.36049728997757,6.930792097552498,60.33187385556864,14.579290671508538,29.751243781094526,13.453068415386122,2.8417781614156237,67.08611875737319
2023-07-02,8.298459422198029,11.685993894124604,65.02940148887384,5.565867119646755,38.41603207854208,14.22303445961354,24.029850746268657,10.567355061825062,2.504445403539059,64.7195509956029
2023-07-09,7.526106001181719,11.842140193795176,100.0,5.7573780060896524,36.99431492952851,13.74576730617812,25.0,11.72229291050863,2.6693137678031937,60.04361348443141
2023-07-16,9.671927412638818,9.76071243257593,84.53136249155506,5.8817453069175105,29.920792613304325,16.47674223486234,26.393034825870647,11.456396202407753,2.9593439792835565,61.77385335859579
2023-07-23,21.565598233933965,10.171712661847932,87.18648965490394,6.38191992942955,39.718473632001825,17.82335199232414,32.16417910447761,11.44823986166846,3.1946482520500648,67.38998319808387
2023-07-30,32.4214648826112,14.053046300877266,79.43241057714435,5.867152439714242,38.58865203592653,16.223748693081834,75.44776119402985,11.338944895761966,3.255761760897712,79.7161548636185
2023-08-06,23.152477501577952,13.206187930639185,74.02478368359041,5.660474809267947,26.727922776544066,16.390797575048296,38.35820895522388,12.224723500048938,2.5719464825205005,71.60476173452972
2023-08-13,21.433963273642533,12.55758950658252,74.4750825276854,5.979058415739309,26.071607313571942,16.287104643808327,53.73134328358209,13.970180418257153,2.809667673716012,63.56844099667537
2023-08-20,22.919089812243048,12.957005466327184,31.085354249381197,4.411308980188133,19.3052646090128,13.396610402853494,63.28358208955224,15.058236272878537,3.0026758739749675,60.72283988131413
2023-08-27,28.14690038971935,12.853712396375089,30.524722825736124,4.549039412218985,18.217698940005576,12.83748607029606,48.80597014925373,13.066457864343741,3.0850237375917136,66.56418689450541
2023-09-03,27.72818083412037,14.954205934524742,23.432047893899384,5.0177327931239715,15.259484357814799,11.499804231187907,48.80597014925373,14.130044696747252,4.083211048769962,65.16283559146319
2023-09-10,21.801680461149804,13.086363142715788,27.479169120281238,6.128594313372806,15.026327540375389,10.746739696321697,50.84577114427861,13.255684969495285,3.877600345274061,67.9583884460015
2023-09-17,26.49752335136929,12.763572299115491,25.50816308328065,6.682795337496946,17.338715719504556,10.291630990848345,63.1094527363184,14.593324850738965,3.8377211911955116,76.64176169878097
2023-09-24,24.42309750117474,13.470333409757334,22.34863025478005,6.445538271843801,18.518884803150314,11.874454106197051,70.79601990049751,16.630778767413787,3.760897712559344,100.0
2023-10-01,27.69707733750192,15.57987715847522,22.905910800618333,5.9518402589332124,18.0936283456355,13.097686485928309,62.43781094527363,17.045120876969758,3.2949503668536906,98.64869695778071
2023-10-08,27.740926579852143,18.35455104922108,15.756123113221726,5.667689260469563,13.435286995663523,13.532357787941502,58.28358208955224,19.16903200548106,3.5609840310746654,93.29353304972652
2023-10-15,26.70855025332533,19.620011825608476,14.098867649689378,4.885085269894259,14.267219290280236,13.607868615462722,93.10945273631842,24.438028123062868,3.8059559775571863,77.12079505237193
2023-10-22,23.34904307073414,16.397654185420716,13.201571561691386,5.771478978892811,17.73370374699189,12.336554554959404,100.0,22.772503344099704,3.6621493310315065,85.09276802631108
2023-10-29,23.624360871122775,15.432298391475907,13.748799474109294,6.730919006307726,21.940416145959766,9.404109854270557,78.53233830845771,21.10534729698868,3.765386275356064,91.63479069102348
2023-11-05,23.03063204941511,12.660882576534613,13.32920058403829,6.533423404663487,19.878266967552843,10.662946342135042,68.681592039801,18.550781377442824,3.6207164436771686,98.07671683409002
2023-11-12,28.246956916859357,14.93465747969736,11.959775668586358,6.127938454172658,18.081640848594915,11.936734404109854,72.18905472636817,18.45616782486705,3.479326715580492,93.30425767704573
2023-11-19,32.71998672503928,21.481700474231033,14.706411362629531,8.409918558683822,16.421971883325693,11.377179810426947,14.054726368159203,11.487390297217056,3.8396201985325855,82.79769778000214
2023-11-26,32.22186553519338,15.056171640260164,14.699611051786338,6.057925484556975,18.91417251806366,13.652830903075074,20.82089552238806,11.989820886757366,4.7200690548122575,69.32041611553998
2023-12-03,35.49302483006965,12.96267693161661,16.12555739142047,6.667300663893476,17.31264291344128,11.884457677364392,17.512437810945276,11.975139473426642,4.377729823047043,75.41200443284596
2023-12-10,41.24961423522424,16.886968903476486,16.25294002569335,11.864001036257536,16.359337211288626,13.72511477215522,13.35820895522388,12.412319337052624,3.467069486404834,88.38165373753262
2023-12-17,38.679500033342485,15.605338417540516,19.40276516407721,15.800631920339342,21.039555743359674,21.17874337935693,23.034825870646767,12.500407817036965,3.465343116098403,83.18735923926643
2023-12-24,28.52027804529305,17.04975202423043,23.029252670477142,15.639536504303257,15.198947497759837,9.203393039235513,11.940298507462686,9.745195915304558,3.039965472593871,63.23240267400708
2023-12-31,32.554136949209315,18.279373966767626,26.71280365482214,10.561956559165878,16.6101755868629,7.388874307817414,7.960199004975125,8.694659228083912,2.72697453603798,62.739069817323845
2024-01-07,28.03533876738268,18.92254226448335,22.52331939926645,18.220014527281283,18.817373479460922,11.333938567316505,21.71641791044776,12.24103618152752,3.463098834700043,74.77210166946698
2024-01-14,88.5417975165278,21.948812009026078,26.03321606903597,80.21403964996794,38.32222991419949,21.015781978082497,19.228855721393035,13.511794068709015,4.446266724212344,98.24116111965108
2024-01-21,100.0,22.349193324564684,26.246144642611636,88.98681231113305,45.3289219344224,24.402152166149634,17.81094527363184,13.340510913183909,4.791195511437203,99.50666714331678
2024-01-28,78.1734386800719,26.399826235957093,20.023071779252057,100.0,53.22868248416901,24.449158194108005,14.203980099502486,9.702782943460246,5.04272766508416,96.5895685124942
2024-02-04,99.63198234244126,33.754751360548326,33.557365796111895,56.81454105432646,43.88113197934555,19.774155935237093,17.412935323383085,11.200287103194023,5.625377643504532,87.26629249633575
2024-02-11,29.252659256881348,29.969108614593765,14.434053985598124,17.161375795844148,19.960381322280863,12.093672149627608,16.791044776119403,11.07141691951323,4.072162278808804,77.14939405855647
2024-02-18,49.28031607123195,27.378576341542882,16.07598411092588,13.051270153323486,22.13341484831321,13.02174539728161,10.298507462686567,10.810414015855926,3.4877859300820027,74.84002430915527
2024-02-25,29.751139072272547,23.832703840909364,17.93567201608027,11.93647347787377,32.359948573637695,12.549426246789178,15.0,12.549345861472707,3.243849805783341,74.61838201122511
2024-03-03,28.80516242441724,15.146794415416732,31.093928554357397,11.68593526341765,32.9566262388329,14.021026861202063,15.298507462686567,10.945809272128153,3.260768234786362,74.54330961999071
2024-03-10,23.101174663434772,30.295157533998623,51.83970583235066,10.557201579964813,31.766567470128653,13.73124599319327,11.91542288557214,11.402564353528433,3.382649978420371,74.72920316019018
2024-03-17,10.644926979961943,63.96990503312377,46.32770895063812,7.277249720030104,30.76501209238764,13.653476294763292,11.54228855721393,11.45802747055561,3.0116529995684074,73.07403567726021
2024-03-24,8.059517883202057,52.314440515982675,49.6352717340152,6.899392838345464,42.630236663160325,10.059935374778952,14.577114427860696,12.133372483768882,3.558567112645662,71.28659779072677
2024-03-31,11.02527360221332,48.803200154456924,48.63818847603555,6.827002379129249,32.69230192908796,10.237633219600976,11.791044776119403,11.777756027535807,2.7920586965904186,67.30418617953026
2024-04-07,9.919030105936047,49.00351148170047,37.118659018123815,8.043129301001661,38.472673002058855,9.019348842812704,15.099502487562189,10.276989331506313,2.833664220975399,63.28960068637615
2024-04-14,14.79621151850973,43.94625381617212,35.27818938274367,7.774718923341537,25.72966396048921,7.868830593287066,13.73134328358209,9.091057388013441,3.3168752697453603,71.672684374218
2024-04-21,10.345610345784813,49.793172521147326,35.908597908953695,11.355792138543698,29.844971694522616,11.225512763696287,10.373134328358208,9.634269681250204,3.7978420371169617,79.47306331104994
2024-04-28,11.066370151188776,59.686742044864914,40.58602910631596,10.438327099938185,26.34102630955913,11.106007736095036,14.950248756218906,11.203549639489738,3.801985325852395,89.1395274014228
2024-05-05,12.990076346532303,49.04103968819008,32.7678891293089,9.438633714114255,27.216712968373987,9.765206503827173,18.880597014925375,10.190532119669832,3.6220975399223136,71.6512351195796
2024-05-12,11.236746362955415,26.448094025654328,17.46378957670036,6.717063980704623,17.032734857543584,7.110925620759239,15.895522388059701,10.673387491435843,2.5598618903754855,60.92660780037894
2024-05-19,7.1295533813154925,7.14701162047037,4.144888014156473,3.9175289848775265,8.52311039585712,5.3222225568697645,20.845771144278608,10.645655932922255,2.0353905912818298,52.53994923676403
2024-05-26,6.457876812706743,6.894691749828046,4.172680588906919,3.810705917653598,7.612360308198548,4.5909937741215145,18.45771144278607,9.962154578969692,1.789382822615451,44.28198620097952
2024-06-02,5.974943899333616,6.052177480662717,3.0095810466466832,3.2838050327355726,6.713897405006578,3.638072946471213,21.318407960199004,8.484225637010212,1.7482952093223998,42.16565974332392
2024-06-09,5.1524701352154,4.643120029926029,2.6238851555620384,3.0232649654772112,6.365660615977535,2.8851159768863726,20.621890547263682,8.789272780659685,1.900906344410876,39.00189468415973
2024-06-16,4.586597795053836,4.629967057233532,2.911420037953619,2.6754136421992927,3.9217096568279284,1.9409079370269817,13.407960199004975,7.906756712668428,1.832369443245576,37.064312015157476
2024-06-23,4.967448431585102,4.905938144827503,2.861353981310972,2.7234553286100542,3.9795493300487594,1.2551792682979301,14.378109452736318,6.776287886202733,1.8677600345274061,37.18228291566868
2024-06-30,5.1728051728924065,5.161998769171363,2.9579381063302517,2.8217522262320727,5.170507161031044,2.2536002099674293,14.751243781094528,7.450001631268148,2.199050496331463,41.09319701140385
2024-07-07,4.892922166237867,4.020706881780116,3.4814634860265934,2.588676262979863,5.554107066329818,1.5557166644436509,13.980099502487562,8.267266973345079,1.7721191195511437,40.02430915525685
2024-07-14,5.163209516409929,4.464287869097754,2.507097208472399,2.7573140598176384,5.945199157278958,1.3853332587547382,12.462686567164178,7.425532609050276,1.6935692706085457,29.814463947377828
2024-07-21,6.017523413401817,4.5208818525177685,3.1269110474991852,3.611488685608973,8.899817490357558,1.2189297684764884,12.786069651741293,7.396169782388828,1.5730686232196807,29.178136059771926
2024-07-28,5.273491717882271,5.795030831050669,3.759734176834692,3.5666443127989287,9.276824272284008,0.00322695844107789,31.094527363184078,6.653942775113373,1.7757444971946483,34.27948378793837
2024-08-04,4.973806765577531,8.77954893750528,4.647026909027117,3.1141834470975773,9.066743386647728,0.7190739059535232,25.64676616915423,7.7061107304818774,2.1880017263703064,32.070210560183035
2024-08-11,2.858071129596804,4.7960082537920385,3.957238856976158,2.8239657510325684,8.633395368630518,1.0406940972476195,25.8955223880597,100.0,2.427621924902892,32.130983448325175
2024-08-18,2.3843849397431542,4.492283187122154,2.47422903939696,2.95415380226173,8.353187625306804,0.9928275470382976,19.452736318407958,54.53981925548922,1.8596460940871817,34.62624673792586
2024-08-25,2.5554784026004036,7.272507873683194,3.0734448354349415,2.760429391018336,9.09521369211912,2.1514131926666296,18.582089552238806,24.467390949724315,2.2800172637030642,39.94566188824938
2024-09-01,3.025151863379563,6.672780586694984,3.0584151629191862,2.9628439366636767,8.688238167591203,3.8335190627191644,23.980099502487562,24.2536948223549,2.67639188605956,42.95928216494477
2024-09-08,2.9303293306845446,5.727214586526046,2.8055224437360513,2.724275152610238,8.336704816875997,2.3043710227737213,24.62686567164179,19.84600828684219,2.146568839015969,42.10131197940872
2024-09-15,2.9470781129085037,5.044828709681312,4.465044677549463,3.08647339589137,8.357682936697024,2.5107887977213372,25.024875621890548,15.725424945352518,1.7075528700906344,43.82082722625389
2024-09-22,2.6745808539707796,5.229573674747499,3.705824466237196,3.142713322303968,8.31302951022084,2.7988486212282235,33.681592039801,15.433427946885908,1.89831678895123,41.75454902942123
2024-09-29,2.7043952371425957,5.773430995161155,3.9742889116989493,3.1124618166971914,8.331909818059763,3.578266650029903,30.721393034825873,14.678150794427589,1.6526542943461373,40.946627104708114
2024-10-06,3.025607414747923,5.51797371818851,4.301098053090717,3.2376489415252334,7.313272257035912,3.6850789744295813,24.875621890547265,14.934259893641316,1.7236081139404402,40.363922353698214
2024-10-13,3.0084709292317426,5.421800147216758,5.263686980706336,3.228876824723268,8.007648023111894,2.6066294634213505,16.517412935323385,19.470816612834817,2.220284851100561,42.64111822114182
2024-10-20,3.3891374066992026,6.172364277008845,3.9528038716436398,2.939233005458388,9.749131655683122,2.8645710081448432,21.691542288557216,14.824964927734822,2.3796288303841173,45.6654631251564
2024-10-27,3.8046390249727446,5.955883240216722,5.677963888378318,3.5420495927934192,12.116362633772974,2.7362456274713125,17.487562189054724,12.939218948810804,2.0198532585239537,44.421406356129125
2024-11-03,3.3081364963718727,6.949837699557143,4.799491849236123,2.7673159126198787,11.733062415900216,3.2642835937130243,18.034825870646767,11.107304818766108,2.0136383254208026,49.66574911521825
2024-11-10,3.1003081465766575,6.224372820407622,6.364893838770542,3.2363372231249397,10.684156424848883,3.649797562140463,18.681592039800996,12.412319337052624,1.9104013810962452,70.94698459228542
2024-11-17,3.196332559477562,6.799242195701753,6.239630141934314,3.2177272183207704,10.33651901067187,5.95911658785717,27.91044776119403,13.670027079051255,2.2275356063875704,66.09945304400672
2024-11-24,2.8679672561307523,7.81057305933318,4.768151286219663,2.863809197441493,9.009203400852911,6.028818890184453,25.497512437810943,12.296499298554696,2.4005179110919292,65.6275694419619
2024-12-01,2.894166306102605,9.647524465735904,5.484302862191701,2.6532783941943343,7.528447828914442,4.8402225310540965,27.487562189054728,11.182343153567583,1.7627967198964176,56.89414792835949
2024-12-08,2.9723175972321085,13.312980415344331,6.003048313251884,2.8987336998493163,7.844917750785931,4.103938180081491,26.293532338308456,12.684741117744935,2.002416918429003,62.87491509670039
2024-12-15,2.9583990490413647,9.79643059695189,6.5243069226671615,2.687711002202047,7.524851579802267,3.3355993752608457,25.149253731343286,11.812012658640828,1.6985757444971945,58.881778858184674
2024-12-22,3.244087912496918,7.630292864813988,7.883284983780273,2.5922834885806716,7.668401856863291,2.3007138032071666,12.288557213930348,8.96871227692408,1.5570133793698748,51.142172809494866
2024-12-29,2.3986621134792028,5.580239166897949,7.783990589946677,1.3194247458955513,6.310518129590836,1.439546160564847,17.412935323383085,6.805650712864181,1.344497194648252,33.73967754620527
2025-01-05,2.670209499350985,6.473434615245381,7.523410562853844,1.7131042307837352,7.435245039423881,2.766471471536075,27.736318407960198,8.552738899220254,1.3700474751834268,41.61155399849855
2025-01-12,2.8458197055626115,11.83260730532997,8.020375308169884,3.0518768230836204,9.187817106757652,4.1042608759256,35.97014925373134,11.578741313497112,1.6170910660336644,60.26883065813463
2025-01-19,2.950257279904718,100.0,9.453417624336046,3.054090347884116,11.487019039142176,3.8899908354380273,26.592039800995025,12.324230857068285,1.685455330168321,56.071926500554106
2025-01-26,3.396620080239073,46.81155048207455,98.26463951700053,4.313585959366243,19.493168625123996,5.248325208569081,24.054726368159205,11.87073831196372,1.7398359948208892,51.2458442069138
2025-02-02,2.826453926116159,13.411446706326702,41.58291525383638,6.347159391821763,14.672996065104096,8.614257993176059,17.33830845771144,11.490652833512772,1.9014242555028051,48.550387874021375
2025-02-09,2.802668329138384,12.11509454453307,16.18326147835801,3.129842085501085,10.297259957863949,5.003614193454007,20.746268656716417,11.154611595053995,2.222874406560207,50.584492188896434
2025-02-16,3.9243908793575915,10.137804539585622,14.010118665424216,6.579743460673862,17.46788100011688,6.081848573899499,14.452736318407961,10.322664839646341,2.2135520069054815,46.40546241018125
2025-02-23,3.0659964052150745,7.325723111824402,5.799236098415282,3.2840509799356274,10.318238077684974,5.313187073234746,19.55223880597015,11.751655737170076,2.3066033664220975,46.201694491116434
2025-03-02,3.18371281731576,7.448081958706906,5.372787619886277,2.8951264742485083,8.121229557571453,9.038172767052325,24.427860696517413,15.666699292029623,2.466810530858869,56.99424445000536
2025-03-09,3.0282825674642497,7.981561704335655,7.7461453817758565,3.358409016752283,8.782939394211837,6.603109927414947,27.38805970149254,13.092558154709472,2.330945187742771,58.173953455117434
2025-03-16,2.6144577659295654,7.093917051803405,8.57760657639336,3.637149176814721,9.09521369211912,5.56080235094679,37.83582089552239,10.953965612867442,1.938713854121709,54.54545454545454
2025-03-23,2.2347605466926583,5.515801667652134,5.584829196395441,2.8605299014407586,7.56620844459229,6.097553104979412,35.9452736318408,10.750057094385175,1.9558049201553733,56.533085475279734
2025-03-30,2.218913174623114,5.032158414885787,3.2538994608536167,2.0175868644519395,6.9938054609042775,6.881811571442709,30.92039800995025,10.482529118136439,2.098403107466552,74.99374396739714
2025-04-06,1.9704147494738866,6.971075527023929,5.559549780000088,2.137937027678898,6.639874610780956,6.094218581256965,16.592039800995025,9.666895044207367,1.6459214501510573,55.45704786758661
2025-04-13,1.8006394778101897,7.116723582435351,5.962936334799999,2.067432163663105,6.411812479583793,6.406910854197411,15.447761194029852,10.056768131545464,1.5820457488131205,52.543524112537085
2025-04-20,1.482790626264882,8.035742298270806,7.842335285876691,1.7540134483928989,5.695259843982726,5.94018509833618,11.09452736318408,9.037225539134122,1.7838584376348727,47.82111321631573
2025-04-27,2.489888698138869,7.084142824389714,7.974645681630142,2.0211940900527474,6.539479323066042,5.7281739287573625,19.029850746268657,12.130109947473166,2.1688390159689255,52.85811318056698
2025-05-04,2.137718412649673,6.475365326833272,7.457772779932578,1.4827336867321323,5.4336327210719215,6.813722748335965,28.109452736318406,15.878764151251183,6.019853258523954,83.01219032638616
2025-05-11,2.1356151222893724,5.0412086254540185,9.04751791118104,1.5096239139381558,5.713540776969621,4.569265587284923,10.099502487562189,16.702554565919545,3.4686232196806213,85.13924141136096
2025-05-18,1.821255600374056,5.369308925921009,10.641747305376828,1.5581574947490273,6.618297116107899,7.970802480025127,22.238805970149254,18.441486411536328,2.6094087181700476,80.11654095020198
2025-05-25,1.6231101403020674,2.7283368126365075,7.815232597733525,1.114878657849733,3.5027466352594248,4.3287496181432505,9.875621890547263,8.831685752503997,1.8047475183426844,72.78804561541486
2025-06-01,1.82059650477728,5.777654426759662,21.580244407113913,1.5602070547494864,6.105831617622819,8.27671814023931,19.82587064676617,16.02394701641056,2.4649115235217955,88.63546991742038
2025-06-08,2.0544882083920704,8.961880513086605,44.041326178880695,1.586441422755363,11.668929306733078,11.499911796469277,24.55223880597015,22.343479821213013,2.412084592145015,83.03006470525149
2025-06-15,1.7812543131991259,5.820974768012936,23.845487082119668,1.776066713997839,7.6489221741723386,9.345379210642939,17.388059701492537,12.379693974095462,2.111868795856711,76.75258284774604
2025-06-22,1.6250098864339517,5.011161926367487,12.599990440142728,1.9243728756310596,6.552365882384673,3.3671160027020397,19.751243781094526,10.769632312159473,1.2400517911091928,61.86680012869553
2025-06-29,1.7858485972119482,3.6164641430657287,9.726563443204347,2.305755000516489,6.3524743692328896,3.381207054561413,15.149253731343284,9.947473165638968,1.1844626672421235,43.216673220605585
2025-07-06,1.555300834492566,2.7739498739003996,6.3416348045822275,1.5908684723563544,4.254362699704208,0.0,10.696517412935323,5.720857394538514,1.1934397928355633,27.179780502627533
2025-07-13,1.8475031132574364,3.608982635662657,7.661141496235929,1.6929365603792177,5.236438394754271,0.7269261714934794,9.17910447761194,5.797526997487847,1.1430297798877858,36.327887605905694
2025-07-20,1.7586512112626254,2.9653316600499573,7.1229313873274736,1.2530190018806762,5.31405743809207,0.3616344759634622,9.37810945273632,7.36028188313595,1.060509279240397,23.036499481643013
2025-07-27,2.1615718577035867,3.3737978303628533,8.303918703762198,1.666456245173286,6.300628444532352,3.414552291785885,7.437810945273632,6.547910345502593,1.1304272766508416,26.257462553176275
2025-08-03,2.352254029400316,2.800979836130854,8.256070139785809,1.8227966820083066,5.330240559096862,1.2368931704651553,11.890547263681592,6.420671429969659,1.1269745360379801,33.06760090086869
2025-08-10,2.278435322561385,3.4455961675374978,9.06924933931038,2.2055725076940482,5.243331205552608,4.538932177938791,20.621890547263682,7.575609278653225,1.1894691411307727,31.38383441175419
2025-08-17,2.8799375952780837,5.00621447792352,10.051155091929855,1.739584545989667,5.2445299552566675,8.190450784581161,28.781094527363184,9.763139864930997,1.20673284419508,34.536874843599186
2025-08-24,2.8872361097541495,10.094966876229321,10.258810960721306,1.9818425380439326,5.502261141629281,9.235339927802183,25.472636815920396,9.903428925646798,1.2951230038843333,36.87126872341186
2025-08-31,2.3195318715368405,8.333675230177022,11.16226675057002,1.996107475647128,5.727326398566295,4.347358411820133,20.0,7.994845192652768,1.4028485110056106,43.06295356236371
2025-09-07,2.028192232597162,6.188654656031663,10.207315853249293,2.297802707714708,5.321849311168451,6.932797514811739,23.08457711442786,11.006166193598904,1.429261976694001,53.00468308726272
2025-09-14,2.5872506873979373,6.093446440853858,10.890106483997835,4.249885634551974,6.952448596114253,6.400026676189779,21.616915422885572,12.314443248181137,1.8727665084160552,59.829120938047396
2025-09-21,2.5893152074290153,9.469657660701571,11.104365553173256,4.720054698657292,8.561170698960984,5.463133075463499,20.298507462686565,11.781018563831523,2.0181268882175227,63.28245093483002
2025-09-28,2.6616412565928944,9.376500826585898,11.023599542506624,3.3903821527594453,6.3665596782555784,3.2115766058420854,14.154228855721392,11.937620306025904,3.3496763055675443,52.736567404282695
2025-10-05,2.4267318318360234,8.592511252428475,11.743742605277928,2.2854233653119347,4.772821946709581,8.03329790850067,11.318407960199005,22.83775407001403,3.5532153646957267,47.67454330961999
2025-10-12,2.595576615598389,8.22652073704915,11.812632710776374,2.224674406898327,5.236738082180286,3.1646781431650868,22.28855721393035,21.89651234869988,5.597928355632283,54.10931970114039
2025-10-19,2.2586527620757946,9.593826549697724,11.12811736350963,1.835585936411171,6.451371219817729,10.832469225573,15.323383084577113,17.549182734657922,7.715666810530859,44.06391877882243
2025-10-26,2.731098301394336,9.065294252512942,11.296843916604535,1.5179041363400105,8.910006862842055,4.481922578813082,11.865671641791046,15.107174317314282,7.442900302114803,49.243913773996354
2025-11-02,3.1132477439545427,8.905407199140832,11.313696860868104,1.618250593962488,7.049547322143004,6.467362542326938,17.63681592039801,9.037225539134122,6.016227880880449,41.750974153648166
2025-11-09,2.592348985690647,8.690132857091141,10.67284148031926,2.8114224438297586,6.267063452818709,4.826561740320201,9.104477611940299,8.655508792535317,4.8685369011652995,47.921209737961604
2025-11-16,2.9979350922656294,9.953059574519434,9.109854093910322,1.7772964499981145,5.461203964265271,3.891174053533089,15.124378109452735,10.768001044011614,6.014156236512732,45.83705716226361
2025-11-23,3.0962469545906397,9.371794717090417,10.146260888504962,1.5547962163482743,5.358411177142241,4.616701876368768,14.72636815920398,16.306156405990016,6.599741044454036,42.4480749293962
2025-11-30,2.7760815758743096,8.675049172810754,11.860579829982374,1.121437249851202,5.468096775063609,6.22039265630311,45.049751243781095,13.456330951681839,11.955114372032801,31.920065777714225
2025-12-07,2.663259917837918,8.107057957548479,12.5218361430608,1.377468285108553,7.179012290181341,14.879290241247414,13.109452736318408,10.061661935989036,10.45955977557186,46.65212883852286
2025-12-14,2.794109778962599,11.642311544448601,12.363408611460299,1.3953404483125562,9.899574743542486,9.081629140725505,8.805970149253731,13.084401813970182,5.822356495468278,52.29685768419547
2025-12-21,2.953242595254822,9.04538378926283,12.186748362381666,1.88174202762151,9.10540306460362,7.61131930968905,8.582089552238806,8.430393788130893,6.173154941735002,49.07231973688914
2025-12-28,2.206419436031283,7.057836879004718,12.298017216613061,0.811379812981749,6.174759725606193,3.790062689045982,7.512437810945273,6.572379367720465,10.550366853690116,33.86122332248954
2026-01-04,2.098066058437742,7.021877375680274,12.380705054257119,0.9814932930198546,6.299130007402279,5.2709139176566255,7.686567164179105,9.397735799810773,16.295209322399653,33.56093375755192
2026-01-11,2.303548803315018,8.397992059948594,12.696377454702784,2.346500253325616,7.975881155954339,7.633692888213857,28.1592039800995,13.4188117842811,10.995943029779887,52.035891752761586
2026-01-18,2.204558460228621,10.00627481266064,12.861654574761285,2.253942123704883,7.292294137214885,4.186440750891716,18.606965174129353,10.585299011451504,11.605524384980578,48.085654023522686
2026-01-25,1.9712967744636898,11.697336824703456,14.397489995412254,2.355272370127581,7.632439365741532,3.8216868817685454,4.9502487562189055,8.67019020586604,17.35451014242555,45.443820827226254
2026-02-01,1.9358606935546654,11.322899446127114,14.881297617575157,2.177124614887676,6.709701781042372,4.2243037299336965,11.019900497512438,9.192196013180647,10.121709106603365,45.6654631251564
2026-02-08,2.3781623019030027,10.662475413594622,15.90173846497273,2.628191779788715,7.392090050077769,8.500561490768748,11.965174129353235,9.727251965678118,14.632714717306863,48.30729632145283
2026-02-15,3.069214342540511,8.50792195098406,16.341097678580844,2.063005114062113,6.6830296001270675,24.311582199236717,15.845771144278606,8.885517601383315,13.11350884764782,50.824008865691916
2026-02-22,2.892605800351414,8.127692437644049,15.96747480312361,1.8075479556048908,6.315313128407071,16.793737119057557,9.875621890547263,7.8545561319369686,10.659818731117825,51.29946734350981
2026-03-01,2.940525927269964,9.408840245683049,15.602376955027768,2.5494886757710855,9.962509103005566,57.20321663217407,7.960199004975125,8.76643502658967,53.18308157099698,53.26207414292353
2026-03-08,2.7452785493073293,8.14253478297595,13.160523308558192,3.065977795886779,7.539536263676985,98.08716660141039,2.711442786069652,11.96698313268735,98.29848942598187,48.59328638329818
2026-03-15,2.7056068099307873,7.44084179025232,8.022888466524977,2.9390690406583513,5.941902595592797,100.0,19.55223880597015,8.614727088838864,100.0,49.798019518821725
2026-03-22,2.4754079801744044,6.8010522378154,8.96965927978795,2.9443159142595268,5.590668932303608,63.798259163486314,15.447761194029852,10.330821180385632,61.12714717306862,41.969041575805235
2026-03-29,2.380595140061691,7.205777654426759,8.995332917101747,2.110964818072856,6.390834359762768,17.711591664981476,0.0,6.412515089230368,3.7286145878290893,50.87763200228792
2026-04-05,2.372036589885907,6.57962375257931,9.596421262502346,1.373861059507745,6.3464806207125966,18.506068833174854,12.686567164179104,5.941078594499364,0.9916271040138109,46.580631323061525
2026-04-12,1.9986201639829844,7.408019693258197,9.567396747381757,1.2981093218907764,6.540678072770101,8.808951152454425,20.024875621890548,5.923134644872925,0.8920155373327578,42.973581668037035
2026-04-19,2.6681449793199064,8.314247444823883,10.326715513923636,1.8646896884176904,8.489545404143477,10.363054337677537,17.512437810945276,22.115102280512872,1.0485973241260251,73.04186179530261
2026-04-26,2.271766825935179,8.476547887680853,10.906959428261402,1.994303862846724,8.60072943919492,8.849610828812006,19.00497512437811,5.562624384196274,0.9943892965041001,53.84477889393343
2026-05-03,2.403140086504359,7.772924183369333,8.568391662424684,1.5385637011446383,9.581606384540924,9.069904525056256,11.293532338308458,6.649048970669799,2.6023305999136817,70.55374825724806
2026-05-10,2.0597900509131963,8.093301637484766,7.299295970717271,1.3447573075012256,10.058409079330259,13.867638769969496,7.7363184079602,6.880689047665656,1.4943461372464395,60.765738390590926
2026-05-17,2.0417133849133795,8.307610623740512,7.0086565985929274,1.685968056377657,10.326629325613386,10.99155827671814,23.606965174129353,5.667025545659196,1.308933966335779,68.79133450112609
2026-05-24,1.8857209652881488,7.725621749466037,7.30974282505609,4.046815229706486,7.769396519430234,11.19162970006497,10.721393034825871,5.601774819744869,1.3432887354337504,51.703428305866375
2026-05-31,1.9875512349900668,6.549094375595805,6.839289436505547,1.5123293331387617,7.897363050338497,12.442076095982651,11.567164179104477,6.048742292258001,1.048769961156668,46.36971365245058
2026-06-07,0.0,0.0,0.0,0.0,0.0,0.8236273594444468,2.6119402985074625,0.0,0.0,0.0
